Ensembl_source	Ensembl	fromPublication	fromDisGeNET	fromWikiPathways	gLayCluster	snpID	CNVassociated	PathwayID_target	PathwayID	PathwayTitle
ENSG00000144619	ENSG00000144619	1			153	rs17194490				
ENSG00000186868	ENSG00000186868	1			158	rs2532240				
ENSG00000185619	ENSG00000185619	1			137	rs35734242				
ENSG00000120071	ENSG00000120071	1			138	rs2532240				
ENSG00000175727	ENSG00000175727	1			152	rs143116451				
ENSG00000104765	ENSG00000104765	1			158	rs3808581				
ENSG00000126456	ENSG00000126456	1			221	rs2304205				
ENSG00000137843	ENSG00000137843	1			172	rs56205728				
ENSG00000065609	ENSG00000065609	1			153	rs2022265				
ENSG00000103037	ENSG00000103037	1			137	rs154433				
ENSG00000127152	ENSG00000127152	1			152	rs1540840				
ENSG00000198010	ENSG00000198010	1			147	rs2600490				
ENSG00000167491	ENSG00000167491	1			137	rs1858999				
ENSG00000151067	ENSG00000151067	1			147	rs10774034				
ENSG00000153707	ENSG00000153707	1			147	rs2890914				
ENSG00000149527	ENSG00000149527	1			137	rs6673880				
ENSG00000180530	ENSG00000180530	1			137	rs9975024				
ENSG00000187323	ENSG00000187323	1			137	rs4632195				
ENSG00000122584	ENSG00000122584	1			147	rs11972718				
ENSG00000002822	ENSG00000002822	1			142	rs58120505				
ENSG00000117020	ENSG00000117020	1			137	rs61833239				
ENSG00000143578	ENSG00000143578	1			137	rs10127983				
ENSG00000072134	ENSG00000072134	1			153	rs4073003				
ENSG00000115540	ENSG00000115540	1			143	rs2914983				
ENSG00000142599	ENSG00000142599	1			137	rs11121172				
ENSG00000112659	ENSG00000112659	1			138	rs113113059				
ENSG00000169306	ENSG00000169306	1			147	rs1378559				
ENSG00000169592	ENSG00000169592	1			138	rs3814883				
ENSG00000134748	ENSG00000134748			1	158			WP3584	WP3584	MECP2 and associated Rett syndrome
ENSG00000108055	ENSG00000108055			1	142		1	WP3584	WP3584	MECP2 and associated Rett syndrome
ENSG00000064309	ENSG00000064309			1	137			WP3584	WP3584	MECP2 and associated Rett syndrome
ENSG00000171862	ENSG00000171862			1	137			WP3584	WP3584	MECP2 and associated Rett syndrome
ENSG00000105695	ENSG00000105695			1	143		1	WP3584	WP3584	MECP2 and associated Rett syndrome
ENSG00000089280	ENSG00000089280			1	158			WP3584	WP3584	MECP2 and associated Rett syndrome
ENSG00000101412	ENSG00000101412			1	137			WP3584	WP3584	MECP2 and associated Rett syndrome
ENSG00000128683	ENSG00000128683			1	140			WP3584	WP3584	MECP2 and associated Rett syndrome
ENSG00000176165	ENSG00000176165			1	144			WP3584	WP3584	MECP2 and associated Rett syndrome
ENSG00000140443	ENSG00000140443			1	137			WP3584	WP3584	MECP2 and associated Rett syndrome
ENSG00000176697	ENSG00000176697			1	137			WP3584	WP3584	MECP2 and associated Rett syndrome
ENSG00000106462	ENSG00000106462			1	137			WP3584	WP3584	MECP2 and associated Rett syndrome
ENSG00000197971	ENSG00000197971			1	143			WP3584	WP3584	MECP2 and associated Rett syndrome
ENSG00000135829	ENSG00000135829			1	158			WP3584	WP3584	MECP2 and associated Rett syndrome
ENSG00000114062	ENSG00000114062			1	137			WP3584	WP3584	MECP2 and associated Rett syndrome
ENSG00000185591	ENSG00000185591			1	137			WP3584	WP3584	MECP2 and associated Rett syndrome
ENSG00000006377	ENSG00000006377			1	171			WP3584	WP3584	MECP2 and associated Rett syndrome
ENSG00000118515	ENSG00000118515			1	137			WP3584	WP3584	MECP2 and associated Rett syndrome
ENSG00000141027	ENSG00000141027			1	137		1	WP3584	WP3584	MECP2 and associated Rett syndrome
ENSG00000167244	ENSG00000167244			1	138			WP3584	WP3584	MECP2 and associated Rett syndrome
ENSG00000152578	ENSG00000152578			1	147		1	WP3584	WP3584	MECP2 and associated Rett syndrome
ENSG00000169057	ENSG00000169057			1	137			WP3584	WP3584	MECP2 and associated Rett syndrome
ENSG00000138336	ENSG00000138336			1	137			WP3584	WP3584	MECP2 and associated Rett syndrome
ENSG00000169813	ENSG00000169813			1	158			WP3584	WP3584	MECP2 and associated Rett syndrome
ENSG00000221869	ENSG00000221869			1	137			WP3584	WP3584	MECP2 and associated Rett syndrome
ENSG00000118260	ENSG00000118260			1	137			WP3584	WP3584	MECP2 and associated Rett syndrome
ENSG00000176884	ENSG00000176884			1	147		1	WP3584	WP3584	MECP2 and associated Rett syndrome
ENSG00000169375	ENSG00000169375			1	137		1	WP3584	WP3584	MECP2 and associated Rett syndrome
ENSG00000186895	ENSG00000186895			1	137			WP3584	WP3584	MECP2 and associated Rett syndrome
ENSG00000084093	ENSG00000084093			1	137			WP3584	WP3584	MECP2 and associated Rett syndrome
ENSG00000138685	ENSG00000138685			1	137			WP3584	WP3584	MECP2 and associated Rett syndrome
ENSG00000102974	ENSG00000102974			1	142			WP3584	WP3584	MECP2 and associated Rett syndrome
ENSG00000198793	ENSG00000198793			1	137			WP3584	WP3584	MECP2 and associated Rett syndrome
ENSG00000105880	ENSG00000105880			1	171			WP3584	WP3584	MECP2 and associated Rett syndrome
ENSG00000157005	ENSG00000157005			1	135			WP3584	WP3584	MECP2 and associated Rett syndrome
ENSG00000172845	ENSG00000172845			1	137			WP3584	WP3584	MECP2 and associated Rett syndrome
ENSG00000017427	ENSG00000017427			1	137			WP3584	WP3584	MECP2 and associated Rett syndrome
ENSG00000120948	ENSG00000120948			1	158			WP3584	WP3584	MECP2 and associated Rett syndrome
ENSG00000169045	ENSG00000169045			1	158			WP3584	WP3584	MECP2 and associated Rett syndrome
ENSG00000070808	ENSG00000070808			1	147			WP3584	WP3584	MECP2 and associated Rett syndrome
ENSG00000096060	ENSG00000096060			1	137			WP3584	WP3584	MECP2 and associated Rett syndrome
ENSG00000142208	ENSG00000142208			1	137			WP3584	WP3584	MECP2 and associated Rett syndrome
ENSG00000075388	ENSG00000075388			1	137			WP3584	WP3584	MECP2 and associated Rett syndrome
ENSG00000065978	ENSG00000065978			1	158			WP3584	WP3584	MECP2 and associated Rett syndrome
ENSG00000173786	ENSG00000173786			1	143			WP3584	WP3584	MECP2 and associated Rett syndrome
ENSG00000116478	ENSG00000116478			1	137		1	WP3584	WP3584	MECP2 and associated Rett syndrome
ENSG00000147133	ENSG00000147133			1	138			WP3584	WP3584	MECP2 and associated Rett syndrome
ENSG00000081189	ENSG00000081189			1	144			WP3584	WP3584	MECP2 and associated Rett syndrome
ENSG00000138675	ENSG00000138675			1	137			WP3584	WP3584	MECP2 and associated Rett syndrome
ENSG00000113916	ENSG00000113916			1	137			WP3584	WP3584	MECP2 and associated Rett syndrome
ENSG00000125675	ENSG00000125675			1	147		1	WP3584	WP3584	MECP2 and associated Rett syndrome
ENSG00000155511	ENSG00000155511			1	147		1	WP3584	WP3584	MECP2 and associated Rett syndrome
ENSG00000255346	ENSG00000255346			1	221			WP408	WP408	Oxidative stress response
ENSG00000112062	ENSG00000112062			1	137			WP408	WP408	Oxidative stress response
ENSG00000001084	ENSG00000001084			1	135			WP408	WP408	Oxidative stress response
ENSG00000140465	ENSG00000140465			1	135			WP408	WP408	Oxidative stress response
ENSG00000142168	ENSG00000142168			1	158			WP408	WP408	Oxidative stress response
ENSG00000189221	ENSG00000189221			1	135			WP408	WP408	Oxidative stress response
ENSG00000211445	ENSG00000211445			1	135			WP408	WP408	Oxidative stress response
ENSG00000116044	ENSG00000116044			1	135			WP408	WP408	Oxidative stress response
ENSG00000167165	ENSG00000167165			1	135			WP408	WP408	Oxidative stress response
ENSG00000171223	ENSG00000171223			1	137			WP408	WP408	Oxidative stress response
ENSG00000008394	ENSG00000008394			1	135			WP408	WP408	Oxidative stress response
ENSG00000104687	ENSG00000104687			1	135			WP408	WP408	Oxidative stress response
ENSG00000170345	ENSG00000170345			1	137			WP408	WP408	Oxidative stress response
ENSG00000121691	ENSG00000121691			1	158			WP408	WP408	Oxidative stress response
ENSG00000100292	ENSG00000100292			1	135			WP408	WP408	Oxidative stress response
ENSG00000086991	ENSG00000086991			1	221			WP408	WP408	Oxidative stress response
ENSG00000074771	ENSG00000074771			1	221			WP408	WP408	Oxidative stress response
ENSG00000165168	ENSG00000165168			1	221			WP408	WP408	Oxidative stress response
ENSG00000181019	ENSG00000181019			1	135			WP408	WP408	Oxidative stress response
ENSG00000109320	ENSG00000109320			1	137		1	WP408	WP408	Oxidative stress response
ENSG00000007952	ENSG00000007952			1	221			WP408	WP408	Oxidative stress response
ENSG00000158125	ENSG00000158125			1	147			WP408	WP408	Oxidative stress response
ENSG00000164742	ENSG00000164742			1	208			WP4222	WP4222	Phosphodiesterases in neuronal function
ENSG00000162104	ENSG00000162104			1	208			WP4222	WP4222	Phosphodiesterases in neuronal function
ENSG00000132915	ENSG00000132915			1	245			WP4222	WP4222	Phosphodiesterases in neuronal function
ENSG00000061918	ENSG00000061918			1	147			WP4222	WP4222	Phosphodiesterases in neuronal function
ENSG00000070808	ENSG00000070808			1	147			WP4222	WP4222	Phosphodiesterases in neuronal function
ENSG00000161509	ENSG00000161509			1	147		1	WP4222	WP4222	Phosphodiesterases in neuronal function
ENSG00000113448	ENSG00000113448			1	137			WP4222	WP4222	Phosphodiesterases in neuronal function
ENSG00000164116	ENSG00000164116			1	147			WP4222	WP4222	Phosphodiesterases in neuronal function
ENSG00000118260	ENSG00000118260			1	137			WP4222	WP4222	Phosphodiesterases in neuronal function
ENSG00000155511	ENSG00000155511			1	147		1	WP4222	WP4222	Phosphodiesterases in neuronal function
ENSG00000138031	ENSG00000138031			1	208			WP4222	WP4222	Phosphodiesterases in neuronal function
ENSG00000176884	ENSG00000176884			1	147		1	WP4222	WP4222	Phosphodiesterases in neuronal function
ENSG00000273079	ENSG00000273079			1	147		1	WP4222	WP4222	Phosphodiesterases in neuronal function
ENSG00000138735	ENSG00000138735			1	245			WP4222	WP4222	Phosphodiesterases in neuronal function
ENSG00000155897	ENSG00000155897			1	208			WP4222	WP4222	Phosphodiesterases in neuronal function
ENSG00000173175	ENSG00000173175			1	208			WP4222	WP4222	Phosphodiesterases in neuronal function
ENSG00000072062	ENSG00000072062			1	137			WP4222	WP4222	Phosphodiesterases in neuronal function
ENSG00000089250	ENSG00000089250			1	147			WP4222	WP4222	Phosphodiesterases in neuronal function
ENSG00000065989	ENSG00000065989			1	137			WP4222	WP4222	Phosphodiesterases in neuronal function
ENSG00000128271	ENSG00000128271			1	135			WP4222	WP4222	Phosphodiesterases in neuronal function
ENSG00000143199	ENSG00000143199			1	137			WP4222	WP4222	Phosphodiesterases in neuronal function
ENSG00000183454	ENSG00000183454	1		1	147	rs9926049	1	WP4222	WP4222	Phosphodiesterases in neuronal function
ENSG00000133256	ENSG00000133256			1	245			WP4222	WP4222	Phosphodiesterases in neuronal function
ENSG00000185532	ENSG00000185532			1	147		1	WP4222	WP4222	Phosphodiesterases in neuronal function
ENSG00000172572	ENSG00000172572			1	137			WP4222	WP4222	Phosphodiesterases in neuronal function
ENSG00000129467	ENSG00000129467			1	208			WP4222	WP4222	Phosphodiesterases in neuronal function
ENSG00000105464	ENSG00000105464			1	147		1	WP4222	WP4222	Phosphodiesterases in neuronal function
ENSG00000131771	ENSG00000131771			1	147			WP4222	WP4222	Phosphodiesterases in neuronal function
ENSG00000174233	ENSG00000174233			1	208			WP4222	WP4222	Phosphodiesterases in neuronal function
ENSG00000152270	ENSG00000152270			1	137			WP4222	WP4222	Phosphodiesterases in neuronal function
ENSG00000186642	ENSG00000186642			1	245			WP4222	WP4222	Phosphodiesterases in neuronal function
ENSG00000149295	ENSG00000149295			1	135		1	WP4222	WP4222	Phosphodiesterases in neuronal function
ENSG00000185527	ENSG00000185527			1	245			WP4222	WP4222	Phosphodiesterases in neuronal function
ENSG00000152402	ENSG00000152402			1	147			WP4222	WP4222	Phosphodiesterases in neuronal function
ENSG00000099899	ENSG00000099899			1	158		1	WP4657	WP4657	22q11.2 copy number variation syndrome
ENSG00000185345	ENSG00000185345			1	158		1	WP4657	WP4657	22q11.2 copy number variation syndrome
ENSG00000093010	ENSG00000093010			1	135		1	WP4657	WP4657	22q11.2 copy number variation syndrome
ENSG00000178732	ENSG00000178732			1	147		1	WP4657	WP4657	22q11.2 copy number variation syndrome
ENSG00000128918	ENSG00000128918			1	135		1	WP4657	WP4657	22q11.2 copy number variation syndrome
ENSG00000164690	ENSG00000164690			1	137		1	WP4657	WP4657	22q11.2 copy number variation syndrome
ENSG00000108061	ENSG00000108061			1	147		1	WP4657	WP4657	22q11.2 copy number variation syndrome
ENSG00000099942	ENSG00000099942			1	137		1	WP4657	WP4657	22q11.2 copy number variation syndrome
ENSG00000169704	ENSG00000169704			1	147		1	WP4657	WP4657	22q11.2 copy number variation syndrome
ENSG00000141027	ENSG00000141027			1	137		1	WP4657	WP4657	22q11.2 copy number variation syndrome
ENSG00000171791	ENSG00000171791			1	137		1	WP4657	WP4657	22q11.2 copy number variation syndrome
ENSG00000164402	ENSG00000164402			1	158		1	WP4657	WP4657	22q11.2 copy number variation syndrome
ENSG00000036257	ENSG00000036257			1	138		1	WP4657	WP4657	22q11.2 copy number variation syndrome
ENSG00000100401	ENSG00000100401			1	158		1	WP4657	WP4657	22q11.2 copy number variation syndrome
ENSG00000159423	ENSG00000159423			1	140		1	WP4657	WP4657	22q11.2 copy number variation syndrome
ENSG00000072310	ENSG00000072310			1	152		1	WP4657	WP4657	22q11.2 copy number variation syndrome
ENSG00000100084	ENSG00000100084			1	138		1	WP4657	WP4657	22q11.2 copy number variation syndrome
ENSG00000108424	ENSG00000108424			1	158		1	WP4657	WP4657	22q11.2 copy number variation syndrome
ENSG00000107831	ENSG00000107831			1	137		1	WP4657	WP4657	22q11.2 copy number variation syndrome
ENSG00000070831	ENSG00000070831			1	137		1	WP4657	WP4657	22q11.2 copy number variation syndrome
ENSG00000138758	ENSG00000138758			1	158		1	WP4657	WP4657	22q11.2 copy number variation syndrome
ENSG00000143365	ENSG00000143365			1	137		1	WP4657	WP4657	22q11.2 copy number variation syndrome
ENSG00000111875	ENSG00000111875			1	138		1	WP4657	WP4657	22q11.2 copy number variation syndrome
ENSG00000070193	ENSG00000070193			1	137		1	WP4657	WP4657	22q11.2 copy number variation syndrome
ENSG00000203618	ENSG00000203618			1	147		1	WP4657	WP4657	22q11.2 copy number variation syndrome
ENSG00000129910	ENSG00000129910			1	137		1	WP4657	WP4657	22q11.2 copy number variation syndrome
ENSG00000115310	ENSG00000115310			1	143		1	WP4657	WP4657	22q11.2 copy number variation syndrome
ENSG00000083312	ENSG00000083312			1	158		1	WP4657	WP4657	22q11.2 copy number variation syndrome
ENSG00000141510	ENSG00000141510			1	137		1	WP4657	WP4657	22q11.2 copy number variation syndrome
ENSG00000180198	ENSG00000180198			1	158		1	WP4657	WP4657	22q11.2 copy number variation syndrome
ENSG00000070371	ENSG00000070371			1	153		1	WP4657	WP4657	22q11.2 copy number variation syndrome
ENSG00000172175	ENSG00000172175			1	137		1	WP4657	WP4657	22q11.2 copy number variation syndrome
ENSG00000184702	ENSG00000184702			1	158		1	WP4657	WP4657	22q11.2 copy number variation syndrome
ENSG00000132341	ENSG00000132341			1	158		1	WP4657	WP4657	22q11.2 copy number variation syndrome
ENSG00000278637	ENSG00000278637			1	158		1	WP4657	WP4657	22q11.2 copy number variation syndrome
ENSG00000099949	ENSG00000099949			1	138		1	WP4657	WP4657	22q11.2 copy number variation syndrome
ENSG00000166851	ENSG00000166851			1	142		1	WP4657	WP4657	22q11.2 copy number variation syndrome
ENSG00000241973	ENSG00000241973			1	137		1	WP4657	WP4657	22q11.2 copy number variation syndrome
ENSG00000163347	ENSG00000163347			1	144		1	WP4657	WP4657	22q11.2 copy number variation syndrome
ENSG00000184113	ENSG00000184113			1	144		1	WP4657	WP4657	22q11.2 copy number variation syndrome
ENSG00000187553	ENSG00000187553			1	135		1	WP4657	WP4657	22q11.2 copy number variation syndrome
ENSG00000099910	ENSG00000099910			1	138		1	WP4657	WP4657	22q11.2 copy number variation syndrome
ENSG00000077782	ENSG00000077782			1	137		1	WP4657	WP4657	22q11.2 copy number variation syndrome
ENSG00000066468	ENSG00000066468			1	137		1	WP4657	WP4657	22q11.2 copy number variation syndrome
ENSG00000185245	ENSG00000185245			1	147		1	WP4657	WP4657	22q11.2 copy number variation syndrome
ENSG00000105695	ENSG00000105695			1	143		1	WP4657	WP4657	22q11.2 copy number variation syndrome
ENSG00000164107	ENSG00000164107			1	144		1	WP4657	WP4657	22q11.2 copy number variation syndrome
ENSG00000040608	ENSG00000040608			1	143		1	WP4657	WP4657	22q11.2 copy number variation syndrome
ENSG00000100387	ENSG00000100387			1	138		1	WP4657	WP4657	22q11.2 copy number variation syndrome
ENSG00000181856	ENSG00000181856			1	137		1	WP4657	WP4657	22q11.2 copy number variation syndrome
ENSG00000149295	ENSG00000149295			1	135		1	WP4657	WP4657	22q11.2 copy number variation syndrome
ENSG00000128191	ENSG00000128191			1	137		1	WP4657	WP4657	22q11.2 copy number variation syndrome
ENSG00000113360	ENSG00000113360			1	158		1	WP4657	WP4657	22q11.2 copy number variation syndrome
ENSG00000093009	ENSG00000093009			1	142		1	WP4657	WP4657	22q11.2 copy number variation syndrome
ENSG00000183072	ENSG00000183072			1	144		1	WP4657	WP4657	22q11.2 copy number variation syndrome
ENSG00000099901	ENSG00000099901			1	158		1	WP4657	WP4657	22q11.2 copy number variation syndrome
ENSG00000133794	ENSG00000133794			1	137		1	WP4657	WP4657	22q11.2 copy number variation syndrome
ENSG00000065154	ENSG00000065154			1	140		1	WP4657	WP4657	22q11.2 copy number variation syndrome
ENSG00000130669	ENSG00000130669			1	172		1	WP4657	WP4657	22q11.2 copy number variation syndrome
ENSG00000090539	ENSG00000090539			1	171		1	WP4657	WP4657	22q11.2 copy number variation syndrome
ENSG00000171720	ENSG00000171720			1	137		1	WP4657	WP4657	22q11.2 copy number variation syndrome
ENSG00000165215	ENSG00000165215			1	144		1	WP4657	WP4657	22q11.2 copy number variation syndrome
ENSG00000100033	ENSG00000100033			1	140		1	WP4657	WP4657	22q11.2 copy number variation syndrome
ENSG00000213639	ENSG00000213639			1	147		1	WP4657	WP4657	22q11.2 copy number variation syndrome
ENSG00000070010	ENSG00000070010			1	138		1	WP4657	WP4657	22q11.2 copy number variation syndrome
ENSG00000125798	ENSG00000125798			1	137		1	WP4657	WP4657	22q11.2 copy number variation syndrome
ENSG00000112658	ENSG00000112658			1	144		1	WP4657	WP4657	22q11.2 copy number variation syndrome
ENSG00000215012	ENSG00000215012			1	137		1	WP4657	WP4657	22q11.2 copy number variation syndrome
ENSG00000132155	ENSG00000132155			1	137		1	WP4657	WP4657	22q11.2 copy number variation syndrome
ENSG00000148672	ENSG00000148672			1	140		1	WP4657	WP4657	22q11.2 copy number variation syndrome
ENSG00000110799	ENSG00000110799			1	147		1	WP4657	WP4657	22q11.2 copy number variation syndrome
ENSG00000003137	ENSG00000003137			1	135		1	WP4657	WP4657	22q11.2 copy number variation syndrome
ENSG00000181222	ENSG00000181222			1	138		1	WP4657	WP4657	22q11.2 copy number variation syndrome
ENSG00000099940	ENSG00000099940			1	153		1	WP4657	WP4657	22q11.2 copy number variation syndrome
ENSG00000198911	ENSG00000198911			1	152		1	WP4657	WP4657	22q11.2 copy number variation syndrome
ENSG00000082898	ENSG00000082898			1	158		1	WP4657	WP4657	22q11.2 copy number variation syndrome
ENSG00000146648	ENSG00000146648			1	137		1	WP4657	WP4657	22q11.2 copy number variation syndrome
ENSG00000099917	ENSG00000099917			1	152		1	WP4657	WP4657	22q11.2 copy number variation syndrome
ENSG00000099957	ENSG00000099957			1	147		1	WP4657	WP4657	22q11.2 copy number variation syndrome
ENSG00000114315	ENSG00000114315			1	136		1	WP4657	WP4657	22q11.2 copy number variation syndrome
ENSG00000095596	ENSG00000095596			1	135		1	WP4657	WP4657	22q11.2 copy number variation syndrome
ENSG00000110076	ENSG00000110076			1	147			WP4875	WP4875	Disruption of postsynaptic signaling by CNV
ENSG00000075711	ENSG00000075711			1	147		1	WP4875	WP4875	Disruption of postsynaptic signaling by CNV
ENSG00000196338	ENSG00000196338			1	147		1	WP4875	WP4875	Disruption of postsynaptic signaling by CNV
ENSG00000152413	ENSG00000152413			1	147			WP4875	WP4875	Disruption of postsynaptic signaling by CNV
ENSG00000273749	ENSG00000273749			1	172		1	WP4875	WP4875	Disruption of postsynaptic signaling by CNV
ENSG00000198576	ENSG00000198576			1	153			WP4875	WP4875	Disruption of postsynaptic signaling by CNV
ENSG00000161509	ENSG00000161509			1	147		1	WP4875	WP4875	Disruption of postsynaptic signaling by CNV
ENSG00000104067	ENSG00000104067			1	144		1	WP4875	WP4875	Disruption of postsynaptic signaling by CNV
ENSG00000198626	ENSG00000198626			1	147		1	WP4875	WP4875	Disruption of postsynaptic signaling by CNV
ENSG00000170027	ENSG00000170027			1	137			WP4875	WP4875	Disruption of postsynaptic signaling by CNV
ENSG00000150672	ENSG00000150672			1	147			WP4875	WP4875	Disruption of postsynaptic signaling by CNV
ENSG00000102081	ENSG00000102081			1	172		1	WP4875	WP4875	Disruption of postsynaptic signaling by CNV
ENSG00000169760	ENSG00000169760			1	147		1	WP4875	WP4875	Disruption of postsynaptic signaling by CNV
ENSG00000161681	ENSG00000161681			1	147		1	WP4875	WP4875	Disruption of postsynaptic signaling by CNV
ENSG00000105464	ENSG00000105464			1	147		1	WP4875	WP4875	Disruption of postsynaptic signaling by CNV
ENSG00000070808	ENSG00000070808			1	147			WP4875	WP4875	Disruption of postsynaptic signaling by CNV
ENSG00000170579	ENSG00000170579			1	147			WP4875	WP4875	Disruption of postsynaptic signaling by CNV
ENSG00000021645	ENSG00000021645			1	147			WP4875	WP4875	Disruption of postsynaptic signaling by CNV
ENSG00000176884	ENSG00000176884			1	147		1	WP4875	WP4875	Disruption of postsynaptic signaling by CNV
ENSG00000169992	ENSG00000169992			1	147		1	WP4875	WP4875	Disruption of postsynaptic signaling by CNV
ENSG00000183454	ENSG00000183454	1		1	147	rs9926049	1	WP4875	WP4875	Disruption of postsynaptic signaling by CNV
ENSG00000145349	ENSG00000145349			1	147			WP4875	WP4875	Disruption of postsynaptic signaling by CNV
ENSG00000273079	ENSG00000273079			1	147		1	WP4875	WP4875	Disruption of postsynaptic signaling by CNV
ENSG00000106089	ENSG00000106089			1	153		1	WP4875	WP4875	Disruption of postsynaptic signaling by CNV
ENSG00000148660	ENSG00000148660			1	147			WP4875	WP4875	Disruption of postsynaptic signaling by CNV
ENSG00000089169	ENSG00000089169			1	153			WP4875	WP4875	Disruption of postsynaptic signaling by CNV
ENSG00000146938	ENSG00000146938	1		1	147	rs5943629	1	WP4875	WP4875	Disruption of postsynaptic signaling by CNV
ENSG00000197283	ENSG00000197283			1	147			WP4875	WP4875	Disruption of postsynaptic signaling by CNV
ENSG00000058404	ENSG00000058404			1	147			WP4875	WP4875	Disruption of postsynaptic signaling by CNV
ENSG00000152822	ENSG00000152822	1		1	147	rs2206956	1	WP4875	WP4875	Disruption of postsynaptic signaling by CNV
ENSG00000152661	ENSG00000152661			1	144		1	WP4905	WP4905	1q21.1 copy number variation syndrome
ENSG00000183853	ENSG00000183853			1	144		1	WP4905	WP4905	1q21.1 copy number variation syndrome
ENSG00000265107	ENSG00000265107			1	144		1	WP4905	WP4905	1q21.1 copy number variation syndrome
ENSG00000121634	ENSG00000121634			1	144		1	WP4905	WP4905	1q21.1 copy number variation syndrome
ENSG00000131791	ENSG00000131791			1	152		1	WP4905	WP4905	1q21.1 copy number variation syndrome
ENSG00000132356	ENSG00000132356			1	152		1	WP4905	WP4905	1q21.1 copy number variation syndrome
ENSG00000171016	ENSG00000171016			1	137		1	WP4905	WP4905	1q21.1 copy number variation syndrome
ENSG00000119139	ENSG00000119139			1	144		1	WP4905	WP4905	1q21.1 copy number variation syndrome
ENSG00000158769	ENSG00000158769			1	144		1	WP4905	WP4905	1q21.1 copy number variation syndrome
ENSG00000106617	ENSG00000106617			1	152		1	WP4905	WP4905	1q21.1 copy number variation syndrome
ENSG00000197822	ENSG00000197822			1	144		1	WP4905	WP4905	1q21.1 copy number variation syndrome
ENSG00000181929	ENSG00000181929			1	152		1	WP4905	WP4905	1q21.1 copy number variation syndrome
ENSG00000115592	ENSG00000115592			1	152		1	WP4905	WP4905	1q21.1 copy number variation syndrome
ENSG00000105289	ENSG00000105289			1	144		1	WP4905	WP4905	1q21.1 copy number variation syndrome
ENSG00000111725	ENSG00000111725			1	152		1	WP4905	WP4905	1q21.1 copy number variation syndrome
ENSG00000163348	ENSG00000163348			1	137		1	WP4905	WP4905	1q21.1 copy number variation syndrome
ENSG00000121743	ENSG00000121743			1	144		1	WP4905	WP4905	1q21.1 copy number variation syndrome
ENSG00000168036	ENSG00000168036			1	137		1	WP4905	WP4905	1q21.1 copy number variation syndrome
ENSG00000104067	ENSG00000104067			1	144		1	WP4905	WP4905	1q21.1 copy number variation syndrome
ENSG00000131778	ENSG00000131778			1	158		1	WP4905	WP4905	1q21.1 copy number variation syndrome
ENSG00000116128	ENSG00000116128			1	137		1	WP4905	WP4905	1q21.1 copy number variation syndrome
ENSG00000162409	ENSG00000162409			1	152		1	WP4905	WP4905	1q21.1 copy number variation syndrome
ENSG00000130396	ENSG00000130396			1	144		1	WP4905	WP4905	1q21.1 copy number variation syndrome
ENSG00000177889	ENSG00000177889			1	158		1	WP4906	WP4906	3q29 copy number variation syndrome
ENSG00000091513	ENSG00000091513			1	150		1	WP4906	WP4906	3q29 copy number variation syndrome
ENSG00000072274	ENSG00000072274			1	150		1	WP4906	WP4906	3q29 copy number variation syndrome
ENSG00000180370	ENSG00000180370			1	172		1	WP4906	WP4906	3q29 copy number variation syndrome
ENSG00000184678	ENSG00000184678			1	158		1	WP4906	WP4906	3q29 copy number variation syndrome
ENSG00000136937	ENSG00000136937			1	158		1	WP4906	WP4906	3q29 copy number variation syndrome
ENSG00000264364	ENSG00000264364			1	143		1	WP4906	WP4906	3q29 copy number variation syndrome
ENSG00000119333	ENSG00000119333			1	143		1	WP4906	WP4906	3q29 copy number variation syndrome
ENSG00000100644	ENSG00000100644			1	137		1	WP4906	WP4906	3q29 copy number variation syndrome
ENSG00000075711	ENSG00000075711			1	147		1	WP4906	WP4906	3q29 copy number variation syndrome
ENSG00000163961	ENSG00000163961			1	158		1	WP4906	WP4906	3q29 copy number variation syndrome
ENSG00000136997	ENSG00000136997			1	137		1	WP4906	WP4906	3q29 copy number variation syndrome
ENSG00000096717	ENSG00000096717			1	137		1	WP4906	WP4906	3q29 copy number variation syndrome
ENSG00000137845	ENSG00000137845			1	153		1	WP4906	WP4906	3q29 copy number variation syndrome
ENSG00000125971	ENSG00000125971			1	143		1	WP4906	WP4906	3q29 copy number variation syndrome
ENSG00000138036	ENSG00000138036			1	143		1	WP4906	WP4906	3q29 copy number variation syndrome
ENSG00000187778	ENSG00000187778			1	138		1	WP4906	WP4906	3q29 copy number variation syndrome
ENSG00000165169	ENSG00000165169			1	143		1	WP4906	WP4906	3q29 copy number variation syndrome
ENSG00000187240	ENSG00000187240			1	143		1	WP4906	WP4906	3q29 copy number variation syndrome
ENSG00000163960	ENSG00000163960			1	138		1	WP4906	WP4906	3q29 copy number variation syndrome
ENSG00000168589	ENSG00000168589			1	143		1	WP4906	WP4906	3q29 copy number variation syndrome
ENSG00000088986	ENSG00000088986			1	143		1	WP4906	WP4906	3q29 copy number variation syndrome
ENSG00000177606	ENSG00000177606			1	137		1	WP4906	WP4906	3q29 copy number variation syndrome
ENSG00000146425	ENSG00000146425			1	143		1	WP4906	WP4906	3q29 copy number variation syndrome
ENSG00000138449	ENSG00000138449			1	150		1	WP4906	WP4906	3q29 copy number variation syndrome
ENSG00000117461	ENSG00000117461			1	137		1	WP4906	WP4906	3q29 copy number variation syndrome
ENSG00000161217	ENSG00000161217			1	137		1	WP4906	WP4906	3q29 copy number variation syndrome
ENSG00000010704	ENSG00000010704			1	150		1	WP4906	WP4906	3q29 copy number variation syndrome
ENSG00000173757	ENSG00000173757			1	137		1	WP4906	WP4906	3q29 copy number variation syndrome
ENSG00000126561	ENSG00000126561			1	137		1	WP4906	WP4906	3q29 copy number variation syndrome
ENSG00000112130	ENSG00000112130			1	158		1	WP4906	WP4906	3q29 copy number variation syndrome
ENSG00000126870	ENSG00000126870			1	143		1	WP4906	WP4906	3q29 copy number variation syndrome
ENSG00000105329	ENSG00000105329			1	137		1	WP4906	WP4906	3q29 copy number variation syndrome
ENSG00000213123	ENSG00000213123			1	143		1	WP4906	WP4906	3q29 copy number variation syndrome
ENSG00000109670	ENSG00000109670			1	137		1	WP4906	WP4906	3q29 copy number variation syndrome
ENSG00000089159	ENSG00000089159			1	137		1	WP4906	WP4906	3q29 copy number variation syndrome
ENSG00000105697	ENSG00000105697			1	150		1	WP4906	WP4906	3q29 copy number variation syndrome
ENSG00000165806	ENSG00000165806			1	158		1	WP4906	WP4906	3q29 copy number variation syndrome
ENSG00000174004	ENSG00000174004			1	137		1	WP4906	WP4906	3q29 copy number variation syndrome
ENSG00000114503	ENSG00000114503			1	158		1	WP4906	WP4906	3q29 copy number variation syndrome
ENSG00000155511	ENSG00000155511			1	147		1	WP4906	WP4906	3q29 copy number variation syndrome
ENSG00000116459	ENSG00000116459			1	140		1	WP4932	WP4932	7q11.23 copy number variation syndrome
ENSG00000171953	ENSG00000171953			1	140		1	WP4932	WP4932	7q11.23 copy number variation syndrome
ENSG00000106683	ENSG00000106683			1	172		1	WP4932	WP4932	7q11.23 copy number variation syndrome
ENSG00000127586	ENSG00000127586			1	142		1	WP4932	WP4932	7q11.23 copy number variation syndrome
ENSG00000241837	ENSG00000241837			1	140		1	WP4932	WP4932	7q11.23 copy number variation syndrome
ENSG00000161011	ENSG00000161011			1	158		1	WP4932	WP4932	7q11.23 copy number variation syndrome
ENSG00000106665	ENSG00000106665			1	147		1	WP4932	WP4932	7q11.23 copy number variation syndrome
ENSG00000026103	ENSG00000026103			1	137		1	WP4932	WP4932	7q11.23 copy number variation syndrome
ENSG00000165732	ENSG00000165732			1	158		1	WP4932	WP4932	7q11.23 copy number variation syndrome
ENSG00000111640	ENSG00000111640			1	137		1	WP4932	WP4932	7q11.23 copy number variation syndrome
ENSG00000176428	ENSG00000176428			1	190		1	WP4932	WP4932	7q11.23 copy number variation syndrome
ENSG00000105953	ENSG00000105953			1	140		1	WP4932	WP4932	7q11.23 copy number variation syndrome
ENSG00000225830	ENSG00000225830			1	138		1	WP4932	WP4932	7q11.23 copy number variation syndrome
ENSG00000009954	ENSG00000009954			1	158		1	WP4932	WP4932	7q11.23 copy number variation syndrome
ENSG00000139722	ENSG00000139722			1	190		1	WP4932	WP4932	7q11.23 copy number variation syndrome
ENSG00000010671	ENSG00000010671			1	158		1	WP4932	WP4932	7q11.23 copy number variation syndrome
ENSG00000188486	ENSG00000188486			1	158		1	WP4932	WP4932	7q11.23 copy number variation syndrome
ENSG00000106638	ENSG00000106638			1	152		1	WP4932	WP4932	7q11.23 copy number variation syndrome
ENSG00000159199	ENSG00000159199			1	140		1	WP4932	WP4932	7q11.23 copy number variation syndrome
ENSG00000156587	ENSG00000156587			1	158		1	WP4932	WP4932	7q11.23 copy number variation syndrome
ENSG00000189143	ENSG00000189143			1	144		1	WP4932	WP4932	7q11.23 copy number variation syndrome
ENSG00000196591	ENSG00000196591			1	137		1	WP4932	WP4932	7q11.23 copy number variation syndrome
ENSG00000074054	ENSG00000074054			1	147		1	WP4932	WP4932	7q11.23 copy number variation syndrome
ENSG00000158773	ENSG00000158773			1	147		1	WP4932	WP4932	7q11.23 copy number variation syndrome
ENSG00000136997	ENSG00000136997			1	137		1	WP4932	WP4932	7q11.23 copy number variation syndrome
ENSG00000141971	ENSG00000141971			1	190		1	WP4932	WP4932	7q11.23 copy number variation syndrome
ENSG00000102882	ENSG00000102882	1		1	137	rs9925915	1	WP4932	WP4932	7q11.23 copy number variation syndrome
ENSG00000132646	ENSG00000132646			1	142		1	WP4932	WP4932	7q11.23 copy number variation syndrome
ENSG00000143627	ENSG00000143627			1	147		1	WP4932	WP4932	7q11.23 copy number variation syndrome
ENSG00000128272	ENSG00000128272			1	137		1	WP4932	WP4932	7q11.23 copy number variation syndrome
ENSG00000106089	ENSG00000106089			1	153		1	WP4932	WP4932	7q11.23 copy number variation syndrome
ENSG00000124172	ENSG00000124172			1	140		1	WP4932	WP4932	7q11.23 copy number variation syndrome
ENSG00000132382	ENSG00000132382			1	158		1	WP4932	WP4932	7q11.23 copy number variation syndrome
ENSG00000172071	ENSG00000172071			1	135		1	WP4932	WP4932	7q11.23 copy number variation syndrome
ENSG00000155974	ENSG00000155974			1	147		1	WP4932	WP4932	7q11.23 copy number variation syndrome
ENSG00000177169	ENSG00000177169			1	158		1	WP4932	WP4932	7q11.23 copy number variation syndrome
ENSG00000135390	ENSG00000135390			1	140		1	WP4932	WP4932	7q11.23 copy number variation syndrome
ENSG00000263001	ENSG00000263001			1	147		1	WP4932	WP4932	7q11.23 copy number variation syndrome
ENSG00000049541	ENSG00000049541			1	142		1	WP4932	WP4932	7q11.23 copy number variation syndrome
ENSG00000099624	ENSG00000099624			1	140		1	WP4932	WP4932	7q11.23 copy number variation syndrome
ENSG00000123472	ENSG00000123472			1	140		1	WP4932	WP4932	7q11.23 copy number variation syndrome
ENSG00000185532	ENSG00000185532			1	147		1	WP4932	WP4932	7q11.23 copy number variation syndrome
ENSG00000165215	ENSG00000165215			1	144		1	WP4932	WP4932	7q11.23 copy number variation syndrome
ENSG00000177885	ENSG00000177885			1	137		1	WP4932	WP4932	7q11.23 copy number variation syndrome
ENSG00000213024	ENSG00000213024			1	158		1	WP4932	WP4932	7q11.23 copy number variation syndrome
ENSG00000153147	ENSG00000153147			1	158		1	WP4932	WP4932	7q11.23 copy number variation syndrome
ENSG00000119689	ENSG00000119689			1	140		1	WP4932	WP4932	7q11.23 copy number variation syndrome
ENSG00000157168	ENSG00000157168			1	137		1	WP4932	WP4932	7q11.23 copy number variation syndrome
ENSG00000139687	ENSG00000139687			1	137		1	WP4932	WP4932	7q11.23 copy number variation syndrome
ENSG00000076555	ENSG00000076555			1	152		1	WP4932	WP4932	7q11.23 copy number variation syndrome
ENSG00000168036	ENSG00000168036			1	137		1	WP4932	WP4932	7q11.23 copy number variation syndrome
ENSG00000009950	ENSG00000009950			1	152		1	WP4932	WP4932	7q11.23 copy number variation syndrome
ENSG00000155975	ENSG00000155975			1	190		1	WP4932	WP4932	7q11.23 copy number variation syndrome
ENSG00000163539	ENSG00000163539			1	147		1	WP4932	WP4932	7q11.23 copy number variation syndrome
ENSG00000137309	ENSG00000137309			1	137		1	WP4932	WP4932	7q11.23 copy number variation syndrome
ENSG00000126803	ENSG00000126803			1	137		1	WP4932	WP4932	7q11.23 copy number variation syndrome
ENSG00000074319	ENSG00000074319			1	190		1	WP4932	WP4932	7q11.23 copy number variation syndrome
ENSG00000152234	ENSG00000152234			1	140		1	WP4932	WP4932	7q11.23 copy number variation syndrome
ENSG00000129757	ENSG00000129757			1	138		1	WP4932	WP4932	7q11.23 copy number variation syndrome
ENSG00000115524	ENSG00000115524	1		1	158	rs2914983	1	WP4932	WP4932	7q11.23 copy number variation syndrome
ENSG00000132639	ENSG00000132639			1	153		1	WP4932	WP4932	7q11.23 copy number variation syndrome
ENSG00000163347	ENSG00000163347			1	144		1	WP4932	WP4932	7q11.23 copy number variation syndrome
ENSG00000141867	ENSG00000141867			1	137		1	WP4932	WP4932	7q11.23 copy number variation syndrome
ENSG00000141367	ENSG00000141367			1	153		1	WP4932	WP4932	7q11.23 copy number variation syndrome
ENSG00000160948	ENSG00000160948			1	190		1	WP4932	WP4932	7q11.23 copy number variation syndrome
ENSG00000111445	ENSG00000111445			1	142		1	WP4932	WP4932	7q11.23 copy number variation syndrome
ENSG00000124795	ENSG00000124795			1	158		1	WP4932	WP4932	7q11.23 copy number variation syndrome
ENSG00000278540	ENSG00000278540			1	152		1	WP4932	WP4932	7q11.23 copy number variation syndrome
ENSG00000110955	ENSG00000110955			1	140		1	WP4932	WP4932	7q11.23 copy number variation syndrome
ENSG00000006704	ENSG00000006704			1	147		1	WP4932	WP4932	7q11.23 copy number variation syndrome
ENSG00000167987	ENSG00000167987			1	190		1	WP4932	WP4932	7q11.23 copy number variation syndrome
ENSG00000126581	ENSG00000126581			1	158		1	WP4932	WP4932	7q11.23 copy number variation syndrome
ENSG00000091140	ENSG00000091140			1	140		1	WP4932	WP4932	7q11.23 copy number variation syndrome
ENSG00000172757	ENSG00000172757			1	172		1	WP4932	WP4932	7q11.23 copy number variation syndrome
ENSG00000228253	ENSG00000228253			1	140		1	WP4932	WP4932	7q11.23 copy number variation syndrome
ENSG00000106635	ENSG00000106635			1	152		1	WP4932	WP4932	7q11.23 copy number variation syndrome
ENSG00000184113	ENSG00000184113			1	144		1	WP4932	WP4932	7q11.23 copy number variation syndrome
ENSG00000094631	ENSG00000094631			1	158		1	WP4932	WP4932	7q11.23 copy number variation syndrome
ENSG00000198899	ENSG00000198899			1	140		1	WP4932	WP4932	7q11.23 copy number variation syndrome
ENSG00000154518	ENSG00000154518			1	140		1	WP4932	WP4932	7q11.23 copy number variation syndrome
ENSG00000197879	ENSG00000197879			1	158		1	WP4932	WP4932	7q11.23 copy number variation syndrome
ENSG00000086730	ENSG00000086730			1	137		1	WP4932	WP4932	7q11.23 copy number variation syndrome
ENSG00000220205	ENSG00000220205			1	153		1	WP4932	WP4932	7q11.23 copy number variation syndrome
ENSG00000171720	ENSG00000171720			1	137		1	WP4932	WP4932	7q11.23 copy number variation syndrome
ENSG00000137822	ENSG00000137822			1	172		1	WP4940	WP4940	15q11.2 copy number variation syndrome
ENSG00000130640	ENSG00000130640			1	172		1	WP4940	WP4940	15q11.2 copy number variation syndrome
ENSG00000273749	ENSG00000273749			1	172		1	WP4940	WP4940	15q11.2 copy number variation syndrome
ENSG00000102081	ENSG00000102081			1	172		1	WP4940	WP4940	15q11.2 copy number variation syndrome
ENSG00000275835	ENSG00000275835			1	172		1	WP4940	WP4940	15q11.2 copy number variation syndrome
ENSG00000170113	ENSG00000170113			1	172		1	WP4940	WP4940	15q11.2 copy number variation syndrome
ENSG00000126216	ENSG00000126216			1	172		1	WP4940	WP4940	15q11.2 copy number variation syndrome
ENSG00000128159	ENSG00000128159			1	172		1	WP4940	WP4940	15q11.2 copy number variation syndrome
ENSG00000140157	ENSG00000140157			1	172		1	WP4940	WP4940	15q11.2 copy number variation syndrome
ENSG00000113262	ENSG00000113262			1	136		1	WP4942	WP4942	15q13.3 copy number variation syndrome
ENSG00000198690	ENSG00000198690			1	136		1	WP4942	WP4942	15q13.3 copy number variation syndrome
ENSG00000119737	ENSG00000119737			1	137		1	WP4942	WP4942	15q13.3 copy number variation syndrome
ENSG00000166912	ENSG00000166912			1	136		1	WP4942	WP4942	15q13.3 copy number variation syndrome
ENSG00000005339	ENSG00000005339			1	137		1	WP4942	WP4942	15q13.3 copy number variation syndrome
ENSG00000144554	ENSG00000144554			1	136		1	WP4942	WP4942	15q13.3 copy number variation syndrome
ENSG00000134160	ENSG00000134160			1	136		1	WP4942	WP4942	15q13.3 copy number variation syndrome
ENSG00000271503	ENSG00000271503			1	137		1	WP4942	WP4942	15q13.3 copy number variation syndrome
ENSG00000114166	ENSG00000114166			1	137		1	WP4942	WP4942	15q13.3 copy number variation syndrome
ENSG00000010810	ENSG00000010810			1	137		1	WP4942	WP4942	15q13.3 copy number variation syndrome
ENSG00000136869	ENSG00000136869			1	221		1	WP5346	WP5346	8p23.1 copy number variation syndrome
ENSG00000147324	ENSG00000147324			1	147		1	WP5346	WP5346	8p23.1 copy number variation syndrome
ENSG00000144381	ENSG00000144381			1	153		1	WP5346	WP5346	8p23.1 copy number variation syndrome
ENSG00000168036	ENSG00000168036			1	137		1	WP5346	WP5346	8p23.1 copy number variation syndrome
ENSG00000100030	ENSG00000100030			1	137		1	WP5346	WP5346	8p23.1 copy number variation syndrome
ENSG00000147601	ENSG00000147601			1	142		1	WP5346	WP5346	8p23.1 copy number variation syndrome
ENSG00000089225	ENSG00000089225			1	144		1	WP5346	WP5346	8p23.1 copy number variation syndrome
ENSG00000173273	ENSG00000173273			1	142		1	WP5346	WP5346	8p23.1 copy number variation syndrome
ENSG00000121552	ENSG00000121552			1	153		1	WP5346	WP5346	8p23.1 copy number variation syndrome
ENSG00000139515	ENSG00000139515			1	137		1	WP5346	WP5346	8p23.1 copy number variation syndrome
ENSG00000137497	ENSG00000137497			1	142		1	WP5346	WP5346	8p23.1 copy number variation syndrome
ENSG00000168487	ENSG00000168487			1	171		1	WP5346	WP5346	8p23.1 copy number variation syndrome
ENSG00000163950	ENSG00000163950			1	158		1	WP5346	WP5346	8p23.1 copy number variation syndrome
ENSG00000181856	ENSG00000181856			1	137		1	WP5346	WP5346	8p23.1 copy number variation syndrome
ENSG00000137462	ENSG00000137462			1	137		1	WP5346	WP5346	8p23.1 copy number variation syndrome
ENSG00000136574	ENSG00000136574			1	144		1	WP5346	WP5346	8p23.1 copy number variation syndrome
ENSG00000164362	ENSG00000164362			1	137		1	WP5346	WP5346	8p23.1 copy number variation syndrome
ENSG00000103126	ENSG00000103126			1	137		1	WP5346	WP5346	8p23.1 copy number variation syndrome
ENSG00000117984	ENSG00000117984			1	153		1	WP5346	WP5346	8p23.1 copy number variation syndrome
ENSG00000104626	ENSG00000104626			1	158		1	WP5346	WP5346	8p23.1 copy number variation syndrome
ENSG00000164430	ENSG00000164430			1	158		1	WP5346	WP5346	8p23.1 copy number variation syndrome
ENSG00000132155	ENSG00000132155			1	137		1	WP5346	WP5346	8p23.1 copy number variation syndrome
ENSG00000173281	ENSG00000173281			1	147		1	WP5346	WP5346	8p23.1 copy number variation syndrome
ENSG00000102882	ENSG00000102882	1		1	137	rs9925915	1	WP5346	WP5346	8p23.1 copy number variation syndrome
ENSG00000164733	ENSG00000164733			1	153		1	WP5346	WP5346	8p23.1 copy number variation syndrome
ENSG00000187778	ENSG00000187778			1	138		1	WP5346	WP5346	8p23.1 copy number variation syndrome
ENSG00000253958	ENSG00000253958			1	147		1	WP5346	WP5346	8p23.1 copy number variation syndrome
ENSG00000169760	ENSG00000169760			1	147		1	WP5398	WP5398	NRXN1 deletion syndrome
ENSG00000169992	ENSG00000169992			1	147		1	WP5398	WP5398	NRXN1 deletion syndrome
ENSG00000196338	ENSG00000196338			1	147		1	WP5398	WP5398	NRXN1 deletion syndrome
ENSG00000155511	ENSG00000155511			1	147		1	WP5398	WP5398	NRXN1 deletion syndrome
ENSG00000105464	ENSG00000105464			1	147		1	WP5398	WP5398	NRXN1 deletion syndrome
ENSG00000273079	ENSG00000273079			1	147		1	WP5398	WP5398	NRXN1 deletion syndrome
ENSG00000161509	ENSG00000161509			1	147		1	WP5398	WP5398	NRXN1 deletion syndrome
ENSG00000183454	ENSG00000183454	1		1	147	rs9926049	1	WP5398	WP5398	NRXN1 deletion syndrome
ENSG00000125675	ENSG00000125675			1	147		1	WP5398	WP5398	NRXN1 deletion syndrome
ENSG00000198785	ENSG00000198785			1	147		1	WP5398	WP5398	NRXN1 deletion syndrome
ENSG00000116032	ENSG00000116032			1	147		1	WP5398	WP5398	NRXN1 deletion syndrome
ENSG00000120251	ENSG00000120251			1	147		1	WP5398	WP5398	NRXN1 deletion syndrome
ENSG00000179915	ENSG00000179915			1	147		1	WP5398	WP5398	NRXN1 deletion syndrome
ENSG00000132535	ENSG00000132535			1	147		1	WP5398	WP5398	NRXN1 deletion syndrome
ENSG00000152578	ENSG00000152578			1	147		1	WP5398	WP5398	NRXN1 deletion syndrome
ENSG00000176884	ENSG00000176884			1	147		1	WP5398	WP5398	NRXN1 deletion syndrome
ENSG00000102882	ENSG00000102882	1		1	137	rs9925915	1	WP5399	WP5399	NPHP1 deletion syndrome
ENSG00000136068	ENSG00000136068			1	147		1	WP5399	WP5399	NPHP1 deletion syndrome
ENSG00000100030	ENSG00000100030			1	137		1	WP5399	WP5399	NPHP1 deletion syndrome
ENSG00000120899	ENSG00000120899			1	137		1	WP5399	WP5399	NPHP1 deletion syndrome
ENSG00000050820	ENSG00000050820			1	137		1	WP5399	WP5399	NPHP1 deletion syndrome
ENSG00000196924	ENSG00000196924			1	147		1	WP5399	WP5399	NPHP1 deletion syndrome
ENSG00000128591	ENSG00000128591			1	147		1	WP5399	WP5399	NPHP1 deletion syndrome
ENSG00000122376	ENSG00000122376			1	142		1	WP5402	WP5402	10q22q23 copy number variation
ENSG00000062650	ENSG00000062650			1	142		1	WP5402	WP5402	10q22q23 copy number variation
ENSG00000140600	ENSG00000140600			1	153		1	WP5402	WP5402	10q22q23 copy number variation
ENSG00000160188	ENSG00000160188			1	161		1	WP5402	WP5402	10q22q23 copy number variation
ENSG00000132170	ENSG00000132170			1	137		1	WP5402	WP5402	10q22q23 copy number variation
ENSG00000185737	ENSG00000185737			1	137		1	WP5402	WP5402	10q22q23 copy number variation
ENSG00000125845	ENSG00000125845			1	171		1	WP5402	WP5402	10q22q23 copy number variation
ENSG00000118007	ENSG00000118007			1	142		1	WP5402	WP5402	10q22q23 copy number variation
ENSG00000108219	ENSG00000108219			1	153		1	WP5402	WP5402	10q22q23 copy number variation
ENSG00000164754	ENSG00000164754			1	142		1	WP5402	WP5402	10q22q23 copy number variation
ENSG00000077522	ENSG00000077522			1	147		1	WP5402	WP5402	10q22q23 copy number variation
ENSG00000121892	ENSG00000121892			1	142		1	WP5402	WP5402	10q22q23 copy number variation
ENSG00000108055	ENSG00000108055			1	142		1	WP5402	WP5402	10q22q23 copy number variation
ENSG00000083642	ENSG00000083642			1	142		1	WP5402	WP5402	10q22q23 copy number variation
ENSG00000143368	ENSG00000143368			1	158		1	WP5402	WP5402	10q22q23 copy number variation
ENSG00000137845	ENSG00000137845			1	153		1	WP5402	WP5402	10q22q23 copy number variation
ENSG00000122367	ENSG00000122367			1	147		1	WP5402	WP5402	10q22q23 copy number variation
ENSG00000178568	ENSG00000178568			1	137		1	WP5402	WP5402	10q22q23 copy number variation
ENSG00000111834	ENSG00000111834			1	161		1	WP5402	WP5402	10q22q23 copy number variation
ENSG00000148672	ENSG00000148672			1	140		1	WP5402	WP5402	10q22q23 copy number variation
ENSG00000171984	ENSG00000171984			1	142		1	WP5402	WP5402	10q22q23 copy number variation
ENSG00000072501	ENSG00000072501			1	142		1	WP5402	WP5402	10q22q23 copy number variation
ENSG00000253251	ENSG00000253251			1	142		1	WP5402	WP5402	10q22q23 copy number variation
ENSG00000130363	ENSG00000130363			1	161		1	WP5402	WP5402	10q22q23 copy number variation
ENSG00000104941	ENSG00000104941			1	161		1	WP5402	WP5402	10q22q23 copy number variation
ENSG00000245848	ENSG00000245848			1	137		1	WP5402	WP5402	10q22q23 copy number variation
ENSG00000165678	ENSG00000165678			1	221		1	WP5402	WP5402	10q22q23 copy number variation
ENSG00000172426	ENSG00000172426			1	161		1	WP5402	WP5402	10q22q23 copy number variation
ENSG00000089163	ENSG00000089163			1	140		1	WP5402	WP5402	10q22q23 copy number variation
ENSG00000156970	ENSG00000156970			1	142		1	WP5402	WP5402	10q22q23 copy number variation
ENSG00000107779	ENSG00000107779			1	171		1	WP5402	WP5402	10q22q23 copy number variation
ENSG00000116670	ENSG00000116670			1	142		1	WP5402	WP5402	10q22q23 copy number variation
ENSG00000131323	ENSG00000131323			1	158		1	WP5406	WP5406	13q12.12 copy number variation
ENSG00000127191	ENSG00000127191			1	158		1	WP5406	WP5406	13q12.12 copy number variation
ENSG00000182957	ENSG00000182957			1	137		1	WP5406	WP5406	13q12.12 copy number variation
ENSG00000198947	ENSG00000198947			1	160		1	WP5406	WP5406	13q12.12 copy number variation
ENSG00000105695	ENSG00000105695			1	143		1	WP5406	WP5406	13q12.12 copy number variation
ENSG00000123096	ENSG00000123096			1	160		1	WP5406	WP5406	13q12.12 copy number variation
ENSG00000102683	ENSG00000102683			1	160		1	WP5406	WP5406	13q12.12 copy number variation
ENSG00000134769	ENSG00000134769			1	160		1	WP5406	WP5406	13q12.12 copy number variation
ENSG00000172164	ENSG00000172164			1	160		1	WP5406	WP5406	13q12.12 copy number variation
ENSG00000067560	ENSG00000067560			1	137		1	WP5406	WP5406	13q12.12 copy number variation
ENSG00000101400	ENSG00000101400			1	160		1	WP5406	WP5406	13q12.12 copy number variation
ENSG00000181092	ENSG00000181092			1	137		1	WP5406	WP5406	13q12.12 copy number variation
ENSG00000107643	ENSG00000107643			1	137		1	WP5406	WP5406	13q12.12 copy number variation
ENSG00000115310	ENSG00000115310			1	143		1	WP5406	WP5406	13q12.12 copy number variation
ENSG00000056558	ENSG00000056558			1	158		1	WP5406	WP5406	13q12.12 copy number variation
ENSG00000070831	ENSG00000070831			1	137		1	WP5406	WP5406	13q12.12 copy number variation
ENSG00000127863	ENSG00000127863			1	143		1	WP5406	WP5406	13q12.12 copy number variation
ENSG00000169783	ENSG00000169783			1	143		1	WP5406	WP5406	13q12.12 copy number variation
ENSG00000136238	ENSG00000136238			1	172		1	WP5406	WP5406	13q12.12 copy number variation
ENSG00000082512	ENSG00000082512			1	158		1	WP5406	WP5406	13q12.12 copy number variation
ENSG00000108823	ENSG00000108823			1	160		1	WP5406	WP5406	13q12.12 copy number variation
ENSG00000173402	ENSG00000173402			1	160		1	WP5406	WP5406	13q12.12 copy number variation
ENSG00000040608	ENSG00000040608			1	143		1	WP5406	WP5406	13q12.12 copy number variation
ENSG00000050748	ENSG00000050748			1	137		1	WP5406	WP5406	13q12.12 copy number variation
ENSG00000163069	ENSG00000163069			1	160		1	WP5406	WP5406	13q12.12 copy number variation
ENSG00000128591	ENSG00000128591			1	147		1	WP5406	WP5406	13q12.12 copy number variation
ENSG00000170624	ENSG00000170624	1		1	160	rs12652777	1	WP5406	WP5406	13q12.12 copy number variation
ENSG00000197822	ENSG00000197822			1	144		1	WP5407	WP5407	15q11q13 copy number variation
ENSG00000169189	ENSG00000169189			1	142		1	WP5407	WP5407	15q11q13 copy number variation
ENSG00000198690	ENSG00000198690			1	136		1	WP5407	WP5407	15q11q13 copy number variation
ENSG00000144554	ENSG00000144554			1	136		1	WP5407	WP5407	15q11q13 copy number variation
ENSG00000134160	ENSG00000134160			1	136		1	WP5407	WP5407	15q11q13 copy number variation
ENSG00000142192	ENSG00000142192			1	153		1	WP5407	WP5407	15q11q13 copy number variation
ENSG00000114166	ENSG00000114166			1	137		1	WP5407	WP5407	15q11q13 copy number variation
ENSG00000133302	ENSG00000133302			1	142		1	WP5407	WP5407	15q11q13 copy number variation
ENSG00000183153	ENSG00000183153			1	144		1	WP5407	WP5407	15q11q13 copy number variation
ENSG00000271503	ENSG00000271503			1	137		1	WP5407	WP5407	15q11q13 copy number variation
ENSG00000116478	ENSG00000116478			1	137		1	WP5407	WP5407	15q11q13 copy number variation
ENSG00000118900	ENSG00000118900			1	138		1	WP5407	WP5407	15q11q13 copy number variation
ENSG00000119139	ENSG00000119139			1	144		1	WP5407	WP5407	15q11q13 copy number variation
ENSG00000163029	ENSG00000163029			1	142		1	WP5407	WP5407	15q11q13 copy number variation
ENSG00000125967	ENSG00000125967			1	153		1	WP5407	WP5407	15q11q13 copy number variation
ENSG00000119906	ENSG00000119906			1	142		1	WP5407	WP5407	15q11q13 copy number variation
ENSG00000152661	ENSG00000152661			1	144		1	WP5407	WP5407	15q11q13 copy number variation
ENSG00000156831	ENSG00000156831			1	142		1	WP5407	WP5407	15q11q13 copy number variation
ENSG00000198752	ENSG00000198752			1	137		1	WP5407	WP5407	15q11q13 copy number variation
ENSG00000140525	ENSG00000140525			1	136		1	WP5407	WP5407	15q11q13 copy number variation
ENSG00000104067	ENSG00000104067			1	144		1	WP5407	WP5407	15q11q13 copy number variation
ENSG00000255150	ENSG00000255150			1	142		1	WP5407	WP5407	15q11q13 copy number variation
ENSG00000198887	ENSG00000198887			1	142		1	WP5407	WP5407	15q11q13 copy number variation
ENSG00000005339	ENSG00000005339			1	137		1	WP5407	WP5407	15q11q13 copy number variation
ENSG00000187098	ENSG00000187098			1	137		1	WP5407	WP5407	15q11q13 copy number variation
ENSG00000105289	ENSG00000105289			1	144		1	WP5407	WP5407	15q11q13 copy number variation
ENSG00000106089	ENSG00000106089			1	153		1	WP5407	WP5407	15q11q13 copy number variation
ENSG00000143375	ENSG00000143375			1	144		1	WP5407	WP5407	15q11q13 copy number variation
ENSG00000166912	ENSG00000166912			1	136		1	WP5407	WP5407	15q11q13 copy number variation
ENSG00000034053	ENSG00000034053			1	153		1	WP5407	WP5407	15q11q13 copy number variation
ENSG00000169375	ENSG00000169375			1	137		1	WP5407	WP5407	15q11q13 copy number variation
ENSG00000173039	ENSG00000173039			1	137		1	WP5407	WP5407	15q11q13 copy number variation
ENSG00000136854	ENSG00000136854			1	153		1	WP5407	WP5407	15q11q13 copy number variation
ENSG00000185115	ENSG00000185115			1	142		1	WP5407	WP5407	15q11q13 copy number variation
ENSG00000198668	ENSG00000198668			1	147		1	WP5407	WP5407	15q11q13 copy number variation
ENSG00000099365	ENSG00000099365			1	153		1	WP5407	WP5407	15q11q13 copy number variation
ENSG00000152822	ENSG00000152822	1		1	147	rs2206956	1	WP5408	WP5408	15q25 copy number variation
ENSG00000140600	ENSG00000140600			1	153		1	WP5408	WP5408	15q25 copy number variation
ENSG00000138798	ENSG00000138798			1	137		1	WP5408	WP5408	15q25 copy number variation
ENSG00000196218	ENSG00000196218			1	147		1	WP5408	WP5408	15q25 copy number variation
ENSG00000214575	ENSG00000214575			1	142		1	WP5408	WP5408	15q25 copy number variation
ENSG00000156232	ENSG00000156232			1	137		1	WP5408	WP5408	15q25 copy number variation
ENSG00000198626	ENSG00000198626			1	147		1	WP5408	WP5408	15q25 copy number variation
ENSG00000150995	ENSG00000150995			1	137		1	WP5408	WP5408	15q25 copy number variation
ENSG00000251322	ENSG00000251322			1	147		1	WP5408	WP5408	15q25 copy number variation
ENSG00000197386	ENSG00000197386			1	137		1	WP5408	WP5408	15q25 copy number variation
ENSG00000064726	ENSG00000064726			1	138		1	WP5408	WP5408	15q25 copy number variation
ENSG00000135439	ENSG00000135439			1	147		1	WP5408	WP5408	15q25 copy number variation
ENSG00000101654	ENSG00000101654			1	158		1	WP5408	WP5408	15q25 copy number variation
ENSG00000161681	ENSG00000161681			1	147		1	WP5408	WP5408	15q25 copy number variation
ENSG00000159082	ENSG00000159082			1	153		1	WP5408	WP5408	15q25 copy number variation
ENSG00000117394	ENSG00000117394			1	137		1	WP5408	WP5408	15q25 copy number variation
ENSG00000198900	ENSG00000198900			1	138		1	WP5408	WP5408	15q25 copy number variation
ENSG00000132155	ENSG00000132155			1	137		1	WP5408	WP5408	15q25 copy number variation
ENSG00000103942	ENSG00000103942			1	147		1	WP5408	WP5408	15q25 copy number variation
ENSG00000168959	ENSG00000168959			1	147		1	WP5408	WP5408	15q25 copy number variation
ENSG00000169612	ENSG00000169612			1	158		1	WP5408	WP5408	15q25 copy number variation
ENSG00000120899	ENSG00000120899			1	137		1	WP5412	WP5412	8q11.23 (RB1CC1) copy number variation
ENSG00000141510	ENSG00000141510			1	137		1	WP5412	WP5412	8q11.23 (RB1CC1) copy number variation
ENSG00000127191	ENSG00000127191			1	158		1	WP5412	WP5412	8q11.23 (RB1CC1) copy number variation
ENSG00000139687	ENSG00000139687			1	137		1	WP5412	WP5412	8q11.23 (RB1CC1) copy number variation
ENSG00000170296	ENSG00000170296			1	158		1	WP5412	WP5412	8q11.23 (RB1CC1) copy number variation
ENSG00000085978	ENSG00000085978			1	158		1	WP5412	WP5412	8q11.23 (RB1CC1) copy number variation
ENSG00000169398	ENSG00000169398			1	137		1	WP5412	WP5412	8q11.23 (RB1CC1) copy number variation
ENSG00000123395	ENSG00000123395			1	158		1	WP5412	WP5412	8q11.23 (RB1CC1) copy number variation
ENSG00000177169	ENSG00000177169			1	158		1	WP5412	WP5412	8q11.23 (RB1CC1) copy number variation
ENSG00000034713	ENSG00000034713			1	158		1	WP5412	WP5412	8q11.23 (RB1CC1) copy number variation
ENSG00000023287	ENSG00000023287			1	158		1	WP5412	WP5412	8q11.23 (RB1CC1) copy number variation
ENSG00000175224	ENSG00000175224	1		1	158	rs12285419	1	WP5412	WP5412	8q11.23 (RB1CC1) copy number variation
ENSG00000232810	ENSG00000232810			1	137		1	WP5412	WP5412	8q11.23 (RB1CC1) copy number variation
ENSG00000139112	ENSG00000139112			1	158		1	WP5412	WP5412	8q11.23 (RB1CC1) copy number variation
ENSG00000197442	ENSG00000197442			1	137		1	WP5412	WP5412	8q11.23 (RB1CC1) copy number variation
