KEid_source	KEEnsembl_target	KEid	KEtitle	Ensembl
https://identifiers.org/aop.events/1000	ENSG00000141027	https://identifiers.org/aop.events/1000	stabilization, PPAR alpha co-repressor	ENSG00000141027
https://identifiers.org/aop.events/105	ENSG00000142168	https://identifiers.org/aop.events/105	Inhibition, Mitochondrial Electron Transport Chain Complexes	ENSG00000142168
https://identifiers.org/aop.events/1065	ENSG00000141510	https://identifiers.org/aop.events/1065	Activation, estrogen receptor alpha	ENSG00000141510
https://identifiers.org/aop.events/1065	ENSG00000146648	https://identifiers.org/aop.events/1065	Activation, estrogen receptor alpha	ENSG00000146648
https://identifiers.org/aop.events/1065	ENSG00000185591	https://identifiers.org/aop.events/1065	Activation, estrogen receptor alpha	ENSG00000185591
https://identifiers.org/aop.events/111	ENSG00000091140	https://identifiers.org/aop.events/111	Agonism, Estrogen receptor	ENSG00000091140
https://identifiers.org/aop.events/116	ENSG00000072310	https://identifiers.org/aop.events/116	Activation, FAS	ENSG00000072310
https://identifiers.org/aop.events/116	ENSG00000026103	https://identifiers.org/aop.events/116	Activation, FAS	ENSG00000026103
https://identifiers.org/aop.events/1193	ENSG00000139687	https://identifiers.org/aop.events/1193	N/A, Breast Cancer	ENSG00000139687
https://identifiers.org/aop.events/1193	ENSG00000141510	https://identifiers.org/aop.events/1193	N/A, Breast Cancer	ENSG00000141510
https://identifiers.org/aop.events/1193	ENSG00000146648	https://identifiers.org/aop.events/1193	N/A, Breast Cancer	ENSG00000146648
https://identifiers.org/aop.events/1202	ENSG00000170345	https://identifiers.org/aop.events/1202	Suppression, IL-2 and IL-4 production	ENSG00000170345
https://identifiers.org/aop.events/1202	ENSG00000177606	https://identifiers.org/aop.events/1202	Suppression, IL-2 and IL-4 production	ENSG00000177606
https://identifiers.org/aop.events/1262	ENSG00000077782	https://identifiers.org/aop.events/1262	Apoptosis	ENSG00000077782
https://identifiers.org/aop.events/1262	ENSG00000109320	https://identifiers.org/aop.events/1262	Apoptosis	ENSG00000109320
https://identifiers.org/aop.events/1262	ENSG00000141510	https://identifiers.org/aop.events/1262	Apoptosis	ENSG00000141510
https://identifiers.org/aop.events/1262	ENSG00000116478	https://identifiers.org/aop.events/1262	Apoptosis	ENSG00000116478
https://identifiers.org/aop.events/1262	ENSG00000171791	https://identifiers.org/aop.events/1262	Apoptosis	ENSG00000171791
https://identifiers.org/aop.events/1392	ENSG00000121691	https://identifiers.org/aop.events/1392	Oxidative Stress 	ENSG00000121691
https://identifiers.org/aop.events/1392	ENSG00000108823	https://identifiers.org/aop.events/1392	Oxidative Stress 	ENSG00000108823
https://identifiers.org/aop.events/1394	ENSG00000103126	https://identifiers.org/aop.events/1394	Induction, persistent proliferation/sustained proliferation	ENSG00000103126
https://identifiers.org/aop.events/1394	ENSG00000109320	https://identifiers.org/aop.events/1394	Induction, persistent proliferation/sustained proliferation	ENSG00000109320
https://identifiers.org/aop.events/1394	ENSG00000177606	https://identifiers.org/aop.events/1394	Induction, persistent proliferation/sustained proliferation	ENSG00000177606
https://identifiers.org/aop.events/1394	ENSG00000136997	https://identifiers.org/aop.events/1394	Induction, persistent proliferation/sustained proliferation	ENSG00000136997
https://identifiers.org/aop.events/1394	ENSG00000170345	https://identifiers.org/aop.events/1394	Induction, persistent proliferation/sustained proliferation	ENSG00000170345
https://identifiers.org/aop.events/1394	ENSG00000100644	https://identifiers.org/aop.events/1394	Induction, persistent proliferation/sustained proliferation	ENSG00000100644
https://identifiers.org/aop.events/1394	ENSG00000139687	https://identifiers.org/aop.events/1394	Induction, persistent proliferation/sustained proliferation	ENSG00000139687
https://identifiers.org/aop.events/1394	ENSG00000168036	https://identifiers.org/aop.events/1394	Induction, persistent proliferation/sustained proliferation	ENSG00000168036
https://identifiers.org/aop.events/1394	ENSG00000107643	https://identifiers.org/aop.events/1394	Induction, persistent proliferation/sustained proliferation	ENSG00000107643
https://identifiers.org/aop.events/1438	ENSG00000142192	https://identifiers.org/aop.events/1438	Transcription of genes encoding acute phase proteins, Increased	ENSG00000142192
https://identifiers.org/aop.events/1439	ENSG00000142192	https://identifiers.org/aop.events/1439	Systemic acute phase response	ENSG00000142192
https://identifiers.org/aop.events/1457	ENSG00000077782	https://identifiers.org/aop.events/1457	Epithelial Mesenchymal Transition	ENSG00000077782
https://identifiers.org/aop.events/1457	ENSG00000138798	https://identifiers.org/aop.events/1457	Epithelial Mesenchymal Transition	ENSG00000138798
https://identifiers.org/aop.events/1457	ENSG00000100030	https://identifiers.org/aop.events/1457	Epithelial Mesenchymal Transition	ENSG00000100030
https://identifiers.org/aop.events/1488	ENSG00000086730	https://identifiers.org/aop.events/1488	Glutamate dyshomeostasis	ENSG00000086730
https://identifiers.org/aop.events/1488	ENSG00000176697	https://identifiers.org/aop.events/1488	Glutamate dyshomeostasis	ENSG00000176697
https://identifiers.org/aop.events/149	ENSG00000232810	https://identifiers.org/aop.events/149	Increase, Inflammation	ENSG00000232810
https://identifiers.org/aop.events/1492	ENSG00000232810	https://identifiers.org/aop.events/1492	Tissue resident cell activation	ENSG00000232810
https://identifiers.org/aop.events/1492	ENSG00000137462	https://identifiers.org/aop.events/1492	Tissue resident cell activation	ENSG00000137462
https://identifiers.org/aop.events/1492	ENSG00000136869	https://identifiers.org/aop.events/1492	Tissue resident cell activation	ENSG00000136869
https://identifiers.org/aop.events/1495	ENSG00000136869	https://identifiers.org/aop.events/1495	Substance interaction with the lung resident cell membrane components	ENSG00000136869
https://identifiers.org/aop.events/1496	ENSG00000170345	https://identifiers.org/aop.events/1496	Increased, secretion of proinflammatory mediators	ENSG00000170345
https://identifiers.org/aop.events/1496	ENSG00000232810	https://identifiers.org/aop.events/1496	Increased, secretion of proinflammatory mediators	ENSG00000232810
https://identifiers.org/aop.events/1496	ENSG00000177606	https://identifiers.org/aop.events/1496	Increased, secretion of proinflammatory mediators	ENSG00000177606
https://identifiers.org/aop.events/1502	ENSG00000077782	https://identifiers.org/aop.events/1502	Histone deacetylase inhibition	ENSG00000077782
https://identifiers.org/aop.events/1502	ENSG00000184678	https://identifiers.org/aop.events/1502	Histone deacetylase inhibition	ENSG00000184678
https://identifiers.org/aop.events/1502	ENSG00000094631	https://identifiers.org/aop.events/1502	Histone deacetylase inhibition	ENSG00000094631
https://identifiers.org/aop.events/1503	ENSG00000077782	https://identifiers.org/aop.events/1503	Histone acetylation, increase	ENSG00000077782
https://identifiers.org/aop.events/1503	ENSG00000184678	https://identifiers.org/aop.events/1503	Histone acetylation, increase	ENSG00000184678
https://identifiers.org/aop.events/1512	ENSG00000172071	https://identifiers.org/aop.events/1512	Unfolded Protein Response	ENSG00000172071
https://identifiers.org/aop.events/1513	ENSG00000141510	https://identifiers.org/aop.events/1513	General Apoptosis	ENSG00000141510
https://identifiers.org/aop.events/1513	ENSG00000107643	https://identifiers.org/aop.events/1513	General Apoptosis	ENSG00000107643
https://identifiers.org/aop.events/1513	ENSG00000171791	https://identifiers.org/aop.events/1513	General Apoptosis	ENSG00000171791
https://identifiers.org/aop.events/1515	ENSG00000171791	https://identifiers.org/aop.events/1515	Spermatocyte depletion	ENSG00000171791
https://identifiers.org/aop.events/1515	ENSG00000049541	https://identifiers.org/aop.events/1515	Spermatocyte depletion	ENSG00000049541
https://identifiers.org/aop.events/155	ENSG00000141510	https://identifiers.org/aop.events/155	Inadequate DNA repair	ENSG00000141510
https://identifiers.org/aop.events/1602	ENSG00000173402	https://identifiers.org/aop.events/1602	Activation, Muscarinic Acetylcholine Receptors	ENSG00000173402
https://identifiers.org/aop.events/1632	ENSG00000171862	https://identifiers.org/aop.events/1632	Increase in reactive oxygen and nitrogen species (RONS)	ENSG00000171862
https://identifiers.org/aop.events/165	ENSG00000140465	https://identifiers.org/aop.events/165	Activation, Long term AHR receptor driven direct and indirect gene expression changes	ENSG00000140465
https://identifiers.org/aop.events/167	ENSG00000049541	https://identifiers.org/aop.events/167	Activation, LXR	ENSG00000049541
https://identifiers.org/aop.events/1700	ENSG00000136869	https://identifiers.org/aop.events/1700	Impaired IL-1R1 signaling in T cell	ENSG00000136869
https://identifiers.org/aop.events/1700	ENSG00000173039	https://identifiers.org/aop.events/1700	Impaired IL-1R1 signaling in T cell	ENSG00000173039
https://identifiers.org/aop.events/1700	ENSG00000232810	https://identifiers.org/aop.events/1700	Impaired IL-1R1 signaling in T cell	ENSG00000232810
https://identifiers.org/aop.events/1706	ENSG00000131323	https://identifiers.org/aop.events/1706	Stimulation, TLR7/8	ENSG00000131323
https://identifiers.org/aop.events/1715	ENSG00000139687	https://identifiers.org/aop.events/1715	Inhibition of JAK3	ENSG00000139687
https://identifiers.org/aop.events/1716	ENSG00000126561	https://identifiers.org/aop.events/1716	Blockade of STAT5 phosphorylation	ENSG00000126561
https://identifiers.org/aop.events/1718	ENSG00000126561	https://identifiers.org/aop.events/1718	Suppression of IL-4 production	ENSG00000126561
https://identifiers.org/aop.events/1755	ENSG00000168036	https://identifiers.org/aop.events/1755	beta-catenin activation	ENSG00000168036
https://identifiers.org/aop.events/1756	ENSG00000050820	https://identifiers.org/aop.events/1756	Decreased,  plasma 11-ketotestosterone level	ENSG00000050820
https://identifiers.org/aop.events/177	ENSG00000121691	https://identifiers.org/aop.events/177	Mitochondrial dysfunction	ENSG00000121691
https://identifiers.org/aop.events/177	ENSG00000102683	https://identifiers.org/aop.events/177	Mitochondrial dysfunction	ENSG00000102683
https://identifiers.org/aop.events/18	ENSG00000180530	https://identifiers.org/aop.events/18	Activation, AhR	ENSG00000180530
https://identifiers.org/aop.events/1825	ENSG00000136869	https://identifiers.org/aop.events/1825	Increase, Cell death	ENSG00000136869
https://identifiers.org/aop.events/1845	ENSG00000091513	https://identifiers.org/aop.events/1845	Coagulation	ENSG00000091513
https://identifiers.org/aop.events/1845	ENSG00000108823	https://identifiers.org/aop.events/1845	Coagulation	ENSG00000108823
https://identifiers.org/aop.events/1847	ENSG00000126456	https://identifiers.org/aop.events/1847	Increased SARS-CoV-2 production	ENSG00000126456
https://identifiers.org/aop.events/1848	ENSG00000136869	https://identifiers.org/aop.events/1848	Toll Like Receptor (TLR) Dysregulation	ENSG00000136869
https://identifiers.org/aop.events/1848	ENSG00000137462	https://identifiers.org/aop.events/1848	Toll Like Receptor (TLR) Dysregulation	ENSG00000137462
https://identifiers.org/aop.events/1848	ENSG00000144381	https://identifiers.org/aop.events/1848	Toll Like Receptor (TLR) Dysregulation	ENSG00000144381
https://identifiers.org/aop.events/1854	ENSG00000112062	https://identifiers.org/aop.events/1854	Dysregulation, ACE2 expression and activity	ENSG00000112062
https://identifiers.org/aop.events/1854	ENSG00000096717	https://identifiers.org/aop.events/1854	Dysregulation, ACE2 expression and activity	ENSG00000096717
https://identifiers.org/aop.events/1857	ENSG00000271503	https://identifiers.org/aop.events/1857	Platelet-neutrophil interactions, Increased 	ENSG00000271503
https://identifiers.org/aop.events/1867	ENSG00000109320	https://identifiers.org/aop.events/1867	Bradykinin system, hyperactivated	ENSG00000109320
https://identifiers.org/aop.events/1869	ENSG00000109320	https://identifiers.org/aop.events/1869	Diminished protective oxidative stress response	ENSG00000109320
https://identifiers.org/aop.events/188	ENSG00000232810	https://identifiers.org/aop.events/188	Neuroinflammation	ENSG00000232810
https://identifiers.org/aop.events/1880	ENSG00000128918	https://identifiers.org/aop.events/1880	Inhibition of ALDH1A (RALDH)	ENSG00000128918
https://identifiers.org/aop.events/1881	ENSG00000003137	https://identifiers.org/aop.events/1881	Decreased, all-trans retinoic acid (atRA) concentration	ENSG00000003137
https://identifiers.org/aop.events/1881	ENSG00000095596	https://identifiers.org/aop.events/1881	Decreased, all-trans retinoic acid (atRA) concentration	ENSG00000095596
https://identifiers.org/aop.events/1881	ENSG00000187553	https://identifiers.org/aop.events/1881	Decreased, all-trans retinoic acid (atRA) concentration	ENSG00000187553
https://identifiers.org/aop.events/1884	ENSG00000010810	https://identifiers.org/aop.events/1884	Inhibition of Fyna	ENSG00000010810
https://identifiers.org/aop.events/1885	ENSG00000108823	https://identifiers.org/aop.events/1885	Inhibition of Plxna2	ENSG00000108823
https://identifiers.org/aop.events/1888	ENSG00000095596	https://identifiers.org/aop.events/1888	Increased (ectopic) all-trans retinoic acid concentration	ENSG00000095596
https://identifiers.org/aop.events/1889	ENSG00000003137	https://identifiers.org/aop.events/1889	Premature initiation of meiosis in fetal male germ cells	ENSG00000003137
https://identifiers.org/aop.events/1901	ENSG00000126456	https://identifiers.org/aop.events/1901	Interferon-I antiviral response, antagonized by SARS-CoV-2	ENSG00000126456
https://identifiers.org/aop.events/1908	ENSG00000089250	https://identifiers.org/aop.events/1908	Cilia Beat Frequency, Decreased	ENSG00000089250
https://identifiers.org/aop.events/1908	ENSG00000185532	https://identifiers.org/aop.events/1908	Cilia Beat Frequency, Decreased	ENSG00000185532
https://identifiers.org/aop.events/1911	ENSG00000138798	https://identifiers.org/aop.events/1911	FOXJ1 Protein, Decreased	ENSG00000138798
https://identifiers.org/aop.events/195	ENSG00000105464	https://identifiers.org/aop.events/195	Inhibition, NMDARs	ENSG00000105464
https://identifiers.org/aop.events/1971	ENSG00000146648	https://identifiers.org/aop.events/1971	Increased, tumor growth	ENSG00000146648
https://identifiers.org/aop.events/1971	ENSG00000142208	https://identifiers.org/aop.events/1971	Increased, tumor growth	ENSG00000142208
https://identifiers.org/aop.events/1971	ENSG00000141510	https://identifiers.org/aop.events/1971	Increased, tumor growth	ENSG00000141510
https://identifiers.org/aop.events/1971	ENSG00000171791	https://identifiers.org/aop.events/1971	Increased, tumor growth	ENSG00000171791
https://identifiers.org/aop.events/1971	ENSG00000136997	https://identifiers.org/aop.events/1971	Increased, tumor growth	ENSG00000136997
https://identifiers.org/aop.events/1971	ENSG00000138798	https://identifiers.org/aop.events/1971	Increased, tumor growth	ENSG00000138798
https://identifiers.org/aop.events/1974	ENSG00000141510	https://identifiers.org/aop.events/1974	Activation of Tumor Protein 53	ENSG00000141510
https://identifiers.org/aop.events/1980	ENSG00000096717	https://identifiers.org/aop.events/1980	Increased microRNA expression	ENSG00000096717
https://identifiers.org/aop.events/1980	ENSG00000171791	https://identifiers.org/aop.events/1980	Increased microRNA expression	ENSG00000171791
https://identifiers.org/aop.events/1980	ENSG00000141510	https://identifiers.org/aop.events/1980	Increased microRNA expression	ENSG00000141510
https://identifiers.org/aop.events/1980	ENSG00000136997	https://identifiers.org/aop.events/1980	Increased microRNA expression	ENSG00000136997
https://identifiers.org/aop.events/1981	ENSG00000141510	https://identifiers.org/aop.events/1981	Decreased SIRT1 expression	ENSG00000141510
https://identifiers.org/aop.events/1981	ENSG00000096717	https://identifiers.org/aop.events/1981	Decreased SIRT1 expression	ENSG00000096717
https://identifiers.org/aop.events/1981	ENSG00000089163	https://identifiers.org/aop.events/1981	Decreased SIRT1 expression	ENSG00000089163
https://identifiers.org/aop.events/1981	ENSG00000162409	https://identifiers.org/aop.events/1981	Decreased SIRT1 expression	ENSG00000162409
https://identifiers.org/aop.events/1981	ENSG00000136997	https://identifiers.org/aop.events/1981	Decreased SIRT1 expression	ENSG00000136997
https://identifiers.org/aop.events/201	ENSG00000105464	https://identifiers.org/aop.events/201	Binding of antagonist, NMDA receptors	ENSG00000105464
https://identifiers.org/aop.events/202	ENSG00000232810	https://identifiers.org/aop.events/202	Inhibition, Nuclear factor kappa B (NF-kB)	ENSG00000232810
https://identifiers.org/aop.events/202	ENSG00000170345	https://identifiers.org/aop.events/202	Inhibition, Nuclear factor kappa B (NF-kB)	ENSG00000170345
https://identifiers.org/aop.events/202	ENSG00000177606	https://identifiers.org/aop.events/202	Inhibition, Nuclear factor kappa B (NF-kB)	ENSG00000177606
https://identifiers.org/aop.events/2027	ENSG00000164690	https://identifiers.org/aop.events/2027	Antagonism, Smoothened receptor	ENSG00000164690
https://identifiers.org/aop.events/2040	ENSG00000171791	https://identifiers.org/aop.events/2040	Decrease, GLI1/2 target gene expression	ENSG00000171791
https://identifiers.org/aop.events/2040	ENSG00000164690	https://identifiers.org/aop.events/2040	Decrease, GLI1/2 target gene expression	ENSG00000164690
https://identifiers.org/aop.events/2040	ENSG00000125798	https://identifiers.org/aop.events/2040	Decrease, GLI1/2 target gene expression	ENSG00000125798
https://identifiers.org/aop.events/2043	ENSG00000164690	https://identifiers.org/aop.events/2043	Decrease, Sonic Hedgehog second messenger production	ENSG00000164690
https://identifiers.org/aop.events/2043	ENSG00000066468	https://identifiers.org/aop.events/2043	Decrease, Sonic Hedgehog second messenger production	ENSG00000066468
https://identifiers.org/aop.events/2043	ENSG00000070193	https://identifiers.org/aop.events/2043	Decrease, Sonic Hedgehog second messenger production	ENSG00000070193
https://identifiers.org/aop.events/2043	ENSG00000171791	https://identifiers.org/aop.events/2043	Decrease, Sonic Hedgehog second messenger production	ENSG00000171791
https://identifiers.org/aop.events/2044	ENSG00000164690	https://identifiers.org/aop.events/2044	Decrease, Smoothend relocation and activation 	ENSG00000164690
https://identifiers.org/aop.events/2067	ENSG00000089250	https://identifiers.org/aop.events/2067	Altered, Nitric Oxide Levels	ENSG00000089250
https://identifiers.org/aop.events/209	ENSG00000177606	https://identifiers.org/aop.events/209	Peptide Oxidation	ENSG00000177606
https://identifiers.org/aop.events/209	ENSG00000141510	https://identifiers.org/aop.events/209	Peptide Oxidation	ENSG00000141510
https://identifiers.org/aop.events/209	ENSG00000170345	https://identifiers.org/aop.events/209	Peptide Oxidation	ENSG00000170345
https://identifiers.org/aop.events/2117	ENSG00000146648	https://identifiers.org/aop.events/2117	Increase, goblet cell number	ENSG00000146648
https://identifiers.org/aop.events/2118	ENSG00000144554	https://identifiers.org/aop.events/2118	Succinate dehydrogenase, inhibited	ENSG00000144554
https://identifiers.org/aop.events/2146	ENSG00000100030	https://identifiers.org/aop.events/2146	Activation of mitogen-activated protein kinase kinase, extracellular signal-regulated kinase 1/2	ENSG00000100030
https://identifiers.org/aop.events/2146	ENSG00000102882	https://identifiers.org/aop.events/2146	Activation of mitogen-activated protein kinase kinase, extracellular signal-regulated kinase 1/2	ENSG00000102882
https://identifiers.org/aop.events/2152	ENSG00000077782	https://identifiers.org/aop.events/2152	Epigenetic modification process	ENSG00000077782
https://identifiers.org/aop.events/2180	ENSG00000126456	https://identifiers.org/aop.events/2180	Immune mechanisms antagonized by viral proteins	ENSG00000126456
https://identifiers.org/aop.events/2199	ENSG00000026103	https://identifiers.org/aop.events/2199	Increased, Expression of LXR activated genes	ENSG00000026103
https://identifiers.org/aop.events/2201	ENSG00000141027	https://identifiers.org/aop.events/2201	Agonism, Retinoic acid receptor	ENSG00000141027
https://identifiers.org/aop.events/2203	ENSG00000104067	https://identifiers.org/aop.events/2203	Decreased proliferation of cortical neural progenitor cells	ENSG00000104067
https://identifiers.org/aop.events/2244	ENSG00000177606	https://identifiers.org/aop.events/2244	Altered Stress Response Signaling	ENSG00000177606
https://identifiers.org/aop.events/2244	ENSG00000107643	https://identifiers.org/aop.events/2244	Altered Stress Response Signaling	ENSG00000107643
https://identifiers.org/aop.events/2244	ENSG00000170345	https://identifiers.org/aop.events/2244	Altered Stress Response Signaling	ENSG00000170345
https://identifiers.org/aop.events/2244	ENSG00000141510	https://identifiers.org/aop.events/2244	Altered Stress Response Signaling	ENSG00000141510
https://identifiers.org/aop.events/2244	ENSG00000112062	https://identifiers.org/aop.events/2244	Altered Stress Response Signaling	ENSG00000112062
https://identifiers.org/aop.events/2244	ENSG00000100030	https://identifiers.org/aop.events/2244	Altered Stress Response Signaling	ENSG00000100030
https://identifiers.org/aop.events/2244	ENSG00000172071	https://identifiers.org/aop.events/2244	Altered Stress Response Signaling	ENSG00000172071
https://identifiers.org/aop.events/2245	ENSG00000100030	https://identifiers.org/aop.events/2245	Altered Cell Differentiation Signaling	ENSG00000100030
https://identifiers.org/aop.events/2268	ENSG00000198911	https://identifiers.org/aop.events/2268	Decreased, insulin-induced gene 1 (INSIG1) protein activity	ENSG00000198911
https://identifiers.org/aop.events/2269	ENSG00000198911	https://identifiers.org/aop.events/2269	Increased, Sterol Regulatory Element Binding Protein 2 (SREBP2) protein expression 	ENSG00000198911
https://identifiers.org/aop.events/258	ENSG00000026103	https://identifiers.org/aop.events/258	Activation, SCD-1	ENSG00000026103
https://identifiers.org/aop.events/264	ENSG00000278540	https://identifiers.org/aop.events/264	Activation, SREBP-1c	ENSG00000278540
https://identifiers.org/aop.events/264	ENSG00000026103	https://identifiers.org/aop.events/264	Activation, SREBP-1c	ENSG00000026103
https://identifiers.org/aop.events/264	ENSG00000072310	https://identifiers.org/aop.events/264	Activation, SREBP-1c	ENSG00000072310
https://identifiers.org/aop.events/352	ENSG00000176697	https://identifiers.org/aop.events/352	N/A, Neurodegeneration	ENSG00000176697
https://identifiers.org/aop.events/376	ENSG00000141510	https://identifiers.org/aop.events/376	Increased, Induced Mutations in Critical Genes	ENSG00000141510
https://identifiers.org/aop.events/378	ENSG00000141510	https://identifiers.org/aop.events/378	Tumorigenesis, Hepatocellular carcinoma	ENSG00000141510
https://identifiers.org/aop.events/378	ENSG00000100292	https://identifiers.org/aop.events/378	Tumorigenesis, Hepatocellular carcinoma	ENSG00000100292
https://identifiers.org/aop.events/381	ENSG00000067560	https://identifiers.org/aop.events/381	Reduced levels of BDNF	ENSG00000067560
https://identifiers.org/aop.events/381	ENSG00000176697	https://identifiers.org/aop.events/381	Reduced levels of BDNF	ENSG00000176697
https://identifiers.org/aop.events/382	ENSG00000132535	https://identifiers.org/aop.events/382	Aberrant, Dendritic morphology	ENSG00000132535
https://identifiers.org/aop.events/383	ENSG00000049541	https://identifiers.org/aop.events/383	Reduced, Presynaptic release of glutamate	ENSG00000049541
https://identifiers.org/aop.events/398	ENSG00000112062	https://identifiers.org/aop.events/398	Activation, Dendritic Cells	ENSG00000112062
https://identifiers.org/aop.events/493	ENSG00000141510	https://identifiers.org/aop.events/493	Increased, Insufficient repair or mis-repair of pro-mutagenic DNA adducts	ENSG00000141510
https://identifiers.org/aop.events/55	ENSG00000188486	https://identifiers.org/aop.events/55	Increase, Cell injury/death	ENSG00000188486
https://identifiers.org/aop.events/55	ENSG00000232810	https://identifiers.org/aop.events/55	Increase, Cell injury/death	ENSG00000232810
https://identifiers.org/aop.events/55	ENSG00000089250	https://identifiers.org/aop.events/55	Increase, Cell injury/death	ENSG00000089250
https://identifiers.org/aop.events/55	ENSG00000171791	https://identifiers.org/aop.events/55	Increase, Cell injury/death	ENSG00000171791
https://identifiers.org/aop.events/593	ENSG00000151067	https://identifiers.org/aop.events/593	Inhibition, Ether-a-go-go (ERG) voltage-gated potassium channel 	ENSG00000151067
https://identifiers.org/aop.events/618	ENSG00000183454	https://identifiers.org/aop.events/618	Decreased, Neuronal network function in adult brain	ENSG00000183454
https://identifiers.org/aop.events/618	ENSG00000273079	https://identifiers.org/aop.events/618	Decreased, Neuronal network function in adult brain	ENSG00000273079
https://identifiers.org/aop.events/66	ENSG00000278540	https://identifiers.org/aop.events/66	Activation, ChREBP	ENSG00000278540
https://identifiers.org/aop.events/66	ENSG00000026103	https://identifiers.org/aop.events/66	Activation, ChREBP	ENSG00000026103
https://identifiers.org/aop.events/709	ENSG00000171791	https://identifiers.org/aop.events/709	Increase, Cytotoxicity (renal tubular cell)	ENSG00000171791
https://identifiers.org/aop.events/715	ENSG00000138798	https://identifiers.org/aop.events/715	Activation, Constitutive androstane receptor	ENSG00000138798
https://identifiers.org/aop.events/721	ENSG00000143199	https://identifiers.org/aop.events/721	Disorganization, Meiotic Spindle	ENSG00000143199
https://identifiers.org/aop.events/757	ENSG00000132639	https://identifiers.org/aop.events/757	Hippocampal anatomy, Altered 	ENSG00000132639
https://identifiers.org/aop.events/757	ENSG00000132535	https://identifiers.org/aop.events/757	Hippocampal anatomy, Altered 	ENSG00000132535
https://identifiers.org/aop.events/826	ENSG00000181019	https://identifiers.org/aop.events/826	Activation, Keratinocytes	ENSG00000181019
https://identifiers.org/aop.events/851	ENSG00000157005	https://identifiers.org/aop.events/851	Decrease of GABAergic interneurons	ENSG00000157005
https://identifiers.org/aop.events/854	ENSG00000168036	https://identifiers.org/aop.events/854	Alterations, Cellular proliferation / hyperplasia	ENSG00000168036
https://identifiers.org/aop.events/854	ENSG00000232810	https://identifiers.org/aop.events/854	Alterations, Cellular proliferation / hyperplasia	ENSG00000232810
https://identifiers.org/aop.events/854	ENSG00000138798	https://identifiers.org/aop.events/854	Alterations, Cellular proliferation / hyperplasia	ENSG00000138798
https://identifiers.org/aop.events/858	ENSG00000141027	https://identifiers.org/aop.events/858	Decreased, PPARalpha transactivation of gene expression	ENSG00000141027
https://identifiers.org/aop.events/87	ENSG00000271503	https://identifiers.org/aop.events/87	Release, Cytokine	ENSG00000271503
https://identifiers.org/aop.events/87	ENSG00000232810	https://identifiers.org/aop.events/87	Release, Cytokine	ENSG00000232810
https://identifiers.org/aop.events/875	ENSG00000105464	https://identifiers.org/aop.events/875	Binding of agonist, Ionotropic glutamate receptors	ENSG00000105464
https://identifiers.org/aop.events/89	ENSG00000026103	https://identifiers.org/aop.events/89	Synthesis, De Novo Fatty Acid (FA)	ENSG00000026103
https://identifiers.org/aop.events/89	ENSG00000072310	https://identifiers.org/aop.events/89	Synthesis, De Novo Fatty Acid (FA)	ENSG00000072310
https://identifiers.org/aop.events/89	ENSG00000278540	https://identifiers.org/aop.events/89	Synthesis, De Novo Fatty Acid (FA)	ENSG00000278540
https://identifiers.org/aop.events/898	ENSG00000117984	https://identifiers.org/aop.events/898	Disruption, Lysosome	ENSG00000117984
https://identifiers.org/aop.events/898	ENSG00000232810	https://identifiers.org/aop.events/898	Disruption, Lysosome	ENSG00000232810
https://identifiers.org/aop.events/898	ENSG00000141510	https://identifiers.org/aop.events/898	Disruption, Lysosome	ENSG00000141510
https://identifiers.org/aop.events/898	ENSG00000164733	https://identifiers.org/aop.events/898	Disruption, Lysosome	ENSG00000164733
https://identifiers.org/aop.events/898	ENSG00000108823	https://identifiers.org/aop.events/898	Disruption, Lysosome	ENSG00000108823
https://identifiers.org/aop.events/934	ENSG00000089250	https://identifiers.org/aop.events/934	KE3 : Decrease, Tetrahydrobiopterin	ENSG00000089250
https://identifiers.org/aop.events/941	ENSG00000138798	https://identifiers.org/aop.events/941	Activation, EGFR	ENSG00000138798
https://identifiers.org/aop.events/941	ENSG00000146648	https://identifiers.org/aop.events/941	Activation, EGFR	ENSG00000146648
https://identifiers.org/aop.events/941	ENSG00000142208	https://identifiers.org/aop.events/941	Activation, EGFR	ENSG00000142208
https://identifiers.org/aop.events/944	ENSG00000133794	https://identifiers.org/aop.events/944	dimerization, AHR/ARNT	ENSG00000133794
https://identifiers.org/aop.events/944	ENSG00000180530	https://identifiers.org/aop.events/944	dimerization, AHR/ARNT	ENSG00000180530
https://identifiers.org/aop.events/960	ENSG00000140465	https://identifiers.org/aop.events/960	Increased, Uptake of thyroxine into tissue	ENSG00000140465
https://identifiers.org/aop.events/960	ENSG00000086730	https://identifiers.org/aop.events/960	Increased, Uptake of thyroxine into tissue	ENSG00000086730
https://identifiers.org/aop.events/961	ENSG00000167165	https://identifiers.org/aop.events/961	Increased, Clearance of thyroxine from serum	ENSG00000167165
https://identifiers.org/aop.events/962	ENSG00000125798	https://identifiers.org/aop.events/962	Increase, Mucin production	ENSG00000125798
https://identifiers.org/aop.events/962	ENSG00000146648	https://identifiers.org/aop.events/962	Increase, Mucin production	ENSG00000146648
https://identifiers.org/aop.events/962	ENSG00000232810	https://identifiers.org/aop.events/962	Increase, Mucin production	ENSG00000232810
https://identifiers.org/aop.events/962	ENSG00000138798	https://identifiers.org/aop.events/962	Increase, Mucin production	ENSG00000138798
https://identifiers.org/aop.events/973	ENSG00000142208	https://identifiers.org/aop.events/973	KE5 : Decrease, AKT/eNOS activity	ENSG00000142208
https://identifiers.org/aop.events/980	ENSG00000096060	https://identifiers.org/aop.events/980	Inhibition, Calcineurin Activity	ENSG00000096060
https://identifiers.org/aop.events/981	ENSG00000177606	https://identifiers.org/aop.events/981	Reduction, NFAT/AP-1 complex formation	ENSG00000177606
https://identifiers.org/aop.events/981	ENSG00000170345	https://identifiers.org/aop.events/981	Reduction, NFAT/AP-1 complex formation	ENSG00000170345
https://identifiers.org/aop.events/998	ENSG00000141027	https://identifiers.org/aop.events/998	Binding of antagonist, PPAR alpha	ENSG00000141027
NA	ENSG00000034053	NA	NA	ENSG00000034053
NA	ENSG00000140443	NA	NA	ENSG00000140443
NA	ENSG00000106462	NA	NA	ENSG00000106462
NA	ENSG00000143368	NA	NA	ENSG00000143368
NA	ENSG00000245848	NA	NA	ENSG00000245848
NA	ENSG00000112130	NA	NA	ENSG00000112130
NA	ENSG00000121552	NA	NA	ENSG00000121552
NA	ENSG00000156970	NA	NA	ENSG00000156970
NA	ENSG00000176884	NA	NA	ENSG00000176884
NA	ENSG00000152822	NA	NA	ENSG00000152822
NA	ENSG00000185619	NA	NA	ENSG00000185619
NA	ENSG00000101654	NA	NA	ENSG00000101654
NA	ENSG00000180370	NA	NA	ENSG00000180370
NA	ENSG00000108055	NA	NA	ENSG00000108055
NA	ENSG00000010671	NA	NA	ENSG00000010671
NA	ENSG00000070831	NA	NA	ENSG00000070831
NA	ENSG00000106683	NA	NA	ENSG00000106683
NA	ENSG00000101412	NA	NA	ENSG00000101412
NA	ENSG00000137497	NA	NA	ENSG00000137497
NA	ENSG00000103037	NA	NA	ENSG00000103037
NA	ENSG00000114503	NA	NA	ENSG00000114503
NA	ENSG00000061918	NA	NA	ENSG00000061918
NA	ENSG00000253251	NA	NA	ENSG00000253251
NA	ENSG00000101400	NA	NA	ENSG00000101400
NA	ENSG00000215012	NA	NA	ENSG00000215012
NA	ENSG00000102081	NA	NA	ENSG00000102081
NA	ENSG00000125845	NA	NA	ENSG00000125845
NA	ENSG00000198752	NA	NA	ENSG00000198752
NA	ENSG00000110076	NA	NA	ENSG00000110076
NA	ENSG00000132646	NA	NA	ENSG00000132646
NA	ENSG00000187323	NA	NA	ENSG00000187323
NA	ENSG00000273749	NA	NA	ENSG00000273749
NA	ENSG00000111875	NA	NA	ENSG00000111875
NA	ENSG00000126581	NA	NA	ENSG00000126581
NA	ENSG00000100401	NA	NA	ENSG00000100401
NA	ENSG00000083312	NA	NA	ENSG00000083312
NA	ENSG00000196924	NA	NA	ENSG00000196924
NA	ENSG00000074771	NA	NA	ENSG00000074771
NA	ENSG00000099365	NA	NA	ENSG00000099365
NA	ENSG00000169398	NA	NA	ENSG00000169398
NA	ENSG00000116459	NA	NA	ENSG00000116459
NA	ENSG00000114315	NA	NA	ENSG00000114315
NA	ENSG00000139515	NA	NA	ENSG00000139515
NA	ENSG00000109670	NA	NA	ENSG00000109670
NA	ENSG00000104941	NA	NA	ENSG00000104941
NA	ENSG00000129910	NA	NA	ENSG00000129910
NA	ENSG00000171720	NA	NA	ENSG00000171720
NA	ENSG00000169612	NA	NA	ENSG00000169612
NA	ENSG00000141867	NA	NA	ENSG00000141867
NA	ENSG00000083642	NA	NA	ENSG00000083642
NA	ENSG00000121743	NA	NA	ENSG00000121743
NA	ENSG00000116044	NA	NA	ENSG00000116044
NA	ENSG00000172845	NA	NA	ENSG00000172845
NA	ENSG00000156587	NA	NA	ENSG00000156587
NA	ENSG00000102974	NA	NA	ENSG00000102974
NA	ENSG00000174233	NA	NA	ENSG00000174233
NA	ENSG00000197879	NA	NA	ENSG00000197879
NA	ENSG00000133302	NA	NA	ENSG00000133302
NA	ENSG00000181929	NA	NA	ENSG00000181929
NA	ENSG00000076555	NA	NA	ENSG00000076555
NA	ENSG00000099899	NA	NA	ENSG00000099899
NA	ENSG00000135829	NA	NA	ENSG00000135829
NA	ENSG00000119737	NA	NA	ENSG00000119737
NA	ENSG00000164362	NA	NA	ENSG00000164362
NA	ENSG00000185245	NA	NA	ENSG00000185245
NA	ENSG00000126803	NA	NA	ENSG00000126803
NA	ENSG00000138685	NA	NA	ENSG00000138685
NA	ENSG00000181222	NA	NA	ENSG00000181222
NA	ENSG00000105697	NA	NA	ENSG00000105697
NA	ENSG00000167987	NA	NA	ENSG00000167987
NA	ENSG00000169704	NA	NA	ENSG00000169704
NA	ENSG00000112658	NA	NA	ENSG00000112658
NA	ENSG00000082898	NA	NA	ENSG00000082898
NA	ENSG00000093009	NA	NA	ENSG00000093009
NA	ENSG00000198690	NA	NA	ENSG00000198690
NA	ENSG00000065154	NA	NA	ENSG00000065154
NA	ENSG00000139112	NA	NA	ENSG00000139112
NA	ENSG00000112659	NA	NA	ENSG00000112659
NA	ENSG00000166912	NA	NA	ENSG00000166912
NA	ENSG00000164742	NA	NA	ENSG00000164742
NA	ENSG00000129467	NA	NA	ENSG00000129467
NA	ENSG00000155511	NA	NA	ENSG00000155511
NA	ENSG00000241973	NA	NA	ENSG00000241973
NA	ENSG00000155897	NA	NA	ENSG00000155897
NA	ENSG00000158125	NA	NA	ENSG00000158125
NA	ENSG00000130363	NA	NA	ENSG00000130363
NA	ENSG00000132356	NA	NA	ENSG00000132356
NA	ENSG00000221869	NA	NA	ENSG00000221869
NA	ENSG00000107831	NA	NA	ENSG00000107831
NA	ENSG00000135390	NA	NA	ENSG00000135390
NA	ENSG00000160188	NA	NA	ENSG00000160188
NA	ENSG00000213639	NA	NA	ENSG00000213639
NA	ENSG00000255150	NA	NA	ENSG00000255150
NA	ENSG00000176165	NA	NA	ENSG00000176165
NA	ENSG00000137845	NA	NA	ENSG00000137845
NA	ENSG00000108424	NA	NA	ENSG00000108424
NA	ENSG00000196338	NA	NA	ENSG00000196338
NA	ENSG00000164107	NA	NA	ENSG00000164107
NA	ENSG00000172426	NA	NA	ENSG00000172426
NA	ENSG00000149295	NA	NA	ENSG00000149295
NA	ENSG00000108219	NA	NA	ENSG00000108219
NA	ENSG00000145349	NA	NA	ENSG00000145349
NA	ENSG00000198576	NA	NA	ENSG00000198576
NA	ENSG00000170027	NA	NA	ENSG00000170027
NA	ENSG00000143375	NA	NA	ENSG00000143375
NA	ENSG00000099940	NA	NA	ENSG00000099940
NA	ENSG00000189221	NA	NA	ENSG00000189221
NA	ENSG00000119906	NA	NA	ENSG00000119906
NA	ENSG00000089159	NA	NA	ENSG00000089159
NA	ENSG00000203618	NA	NA	ENSG00000203618
NA	ENSG00000085978	NA	NA	ENSG00000085978
NA	ENSG00000127191	NA	NA	ENSG00000127191
NA	ENSG00000065989	NA	NA	ENSG00000065989
NA	ENSG00000111445	NA	NA	ENSG00000111445
NA	ENSG00000072274	NA	NA	ENSG00000072274
NA	ENSG00000072062	NA	NA	ENSG00000072062
NA	ENSG00000099942	NA	NA	ENSG00000099942
NA	ENSG00000132155	NA	NA	ENSG00000132155
NA	ENSG00000090539	NA	NA	ENSG00000090539
NA	ENSG00000072501	NA	NA	ENSG00000072501
NA	ENSG00000105953	NA	NA	ENSG00000105953
NA	ENSG00000175224	NA	NA	ENSG00000175224
NA	ENSG00000006704	NA	NA	ENSG00000006704
NA	ENSG00000106638	NA	NA	ENSG00000106638
NA	ENSG00000169592	NA	NA	ENSG00000169592
NA	ENSG00000153147	NA	NA	ENSG00000153147
NA	ENSG00000121892	NA	NA	ENSG00000121892
NA	ENSG00000089280	NA	NA	ENSG00000089280
NA	ENSG00000161217	NA	NA	ENSG00000161217
NA	ENSG00000040608	NA	NA	ENSG00000040608
NA	ENSG00000075711	NA	NA	ENSG00000075711
NA	ENSG00000152413	NA	NA	ENSG00000152413
NA	ENSG00000141971	NA	NA	ENSG00000141971
NA	ENSG00000173786	NA	NA	ENSG00000173786
NA	ENSG00000158769	NA	NA	ENSG00000158769
NA	ENSG00000077522	NA	NA	ENSG00000077522
NA	ENSG00000158773	NA	NA	ENSG00000158773
NA	ENSG00000163069	NA	NA	ENSG00000163069
NA	ENSG00000153707	NA	NA	ENSG00000153707
NA	ENSG00000111725	NA	NA	ENSG00000111725
NA	ENSG00000198626	NA	NA	ENSG00000198626
NA	ENSG00000171016	NA	NA	ENSG00000171016
NA	ENSG00000138031	NA	NA	ENSG00000138031
NA	ENSG00000128272	NA	NA	ENSG00000128272
NA	ENSG00000002822	NA	NA	ENSG00000002822
NA	ENSG00000165806	NA	NA	ENSG00000165806
NA	ENSG00000105329	NA	NA	ENSG00000105329
NA	ENSG00000197283	NA	NA	ENSG00000197283
NA	ENSG00000162104	NA	NA	ENSG00000162104
NA	ENSG00000159423	NA	NA	ENSG00000159423
NA	ENSG00000074054	NA	NA	ENSG00000074054
NA	ENSG00000187240	NA	NA	ENSG00000187240
NA	ENSG00000186895	NA	NA	ENSG00000186895
NA	ENSG00000106617	NA	NA	ENSG00000106617
NA	ENSG00000161011	NA	NA	ENSG00000161011
NA	ENSG00000140157	NA	NA	ENSG00000140157
NA	ENSG00000213024	NA	NA	ENSG00000213024
NA	ENSG00000110955	NA	NA	ENSG00000110955
NA	ENSG00000017427	NA	NA	ENSG00000017427
NA	ENSG00000177169	NA	NA	ENSG00000177169
NA	ENSG00000070371	NA	NA	ENSG00000070371
NA	ENSG00000123096	NA	NA	ENSG00000123096
NA	ENSG00000169375	NA	NA	ENSG00000169375
NA	ENSG00000136068	NA	NA	ENSG00000136068
NA	ENSG00000152234	NA	NA	ENSG00000152234
NA	ENSG00000122376	NA	NA	ENSG00000122376
NA	ENSG00000152270	NA	NA	ENSG00000152270
NA	ENSG00000198010	NA	NA	ENSG00000198010
NA	ENSG00000213123	NA	NA	ENSG00000213123
NA	ENSG00000121634	NA	NA	ENSG00000121634
NA	ENSG00000220205	NA	NA	ENSG00000220205
NA	ENSG00000180198	NA	NA	ENSG00000180198
NA	ENSG00000264364	NA	NA	ENSG00000264364
NA	ENSG00000150672	NA	NA	ENSG00000150672
NA	ENSG00000146425	NA	NA	ENSG00000146425
NA	ENSG00000165215	NA	NA	ENSG00000165215
NA	ENSG00000142599	NA	NA	ENSG00000142599
NA	ENSG00000170624	NA	NA	ENSG00000170624
NA	ENSG00000124795	NA	NA	ENSG00000124795
NA	ENSG00000138675	NA	NA	ENSG00000138675
NA	ENSG00000197442	NA	NA	ENSG00000197442
NA	ENSG00000134769	NA	NA	ENSG00000134769
NA	ENSG00000130640	NA	NA	ENSG00000130640
NA	ENSG00000187098	NA	NA	ENSG00000187098
NA	ENSG00000036257	NA	NA	ENSG00000036257
NA	ENSG00000168589	NA	NA	ENSG00000168589
NA	ENSG00000138735	NA	NA	ENSG00000138735
NA	ENSG00000161509	NA	NA	ENSG00000161509
NA	ENSG00000001084	NA	NA	ENSG00000001084
NA	ENSG00000137843	NA	NA	ENSG00000137843
NA	ENSG00000265107	NA	NA	ENSG00000265107
NA	ENSG00000108061	NA	NA	ENSG00000108061
NA	ENSG00000124172	NA	NA	ENSG00000124172
NA	ENSG00000106089	NA	NA	ENSG00000106089
NA	ENSG00000115310	NA	NA	ENSG00000115310
NA	ENSG00000163348	NA	NA	ENSG00000163348
NA	ENSG00000263001	NA	NA	ENSG00000263001
NA	ENSG00000228253	NA	NA	ENSG00000228253
NA	ENSG00000140600	NA	NA	ENSG00000140600
NA	ENSG00000159199	NA	NA	ENSG00000159199
NA	ENSG00000136574	NA	NA	ENSG00000136574
NA	ENSG00000104626	NA	NA	ENSG00000104626
NA	ENSG00000099949	NA	NA	ENSG00000099949
NA	ENSG00000010704	NA	NA	ENSG00000010704
NA	ENSG00000241837	NA	NA	ENSG00000241837
NA	ENSG00000178732	NA	NA	ENSG00000178732
NA	ENSG00000099624	NA	NA	ENSG00000099624
NA	ENSG00000184702	NA	NA	ENSG00000184702
NA	ENSG00000081189	NA	NA	ENSG00000081189
NA	ENSG00000167244	NA	NA	ENSG00000167244
NA	ENSG00000100387	NA	NA	ENSG00000100387
NA	ENSG00000115592	NA	NA	ENSG00000115592
NA	ENSG00000082512	NA	NA	ENSG00000082512
NA	ENSG00000128271	NA	NA	ENSG00000128271
NA	ENSG00000177885	NA	NA	ENSG00000177885
NA	ENSG00000065978	NA	NA	ENSG00000065978
NA	ENSG00000144619	NA	NA	ENSG00000144619
NA	ENSG00000164754	NA	NA	ENSG00000164754
NA	ENSG00000116128	NA	NA	ENSG00000116128
NA	ENSG00000186868	NA	NA	ENSG00000186868
NA	ENSG00000120948	NA	NA	ENSG00000120948
NA	ENSG00000106635	NA	NA	ENSG00000106635
NA	ENSG00000187778	NA	NA	ENSG00000187778
NA	ENSG00000123395	NA	NA	ENSG00000123395
NA	ENSG00000172572	NA	NA	ENSG00000172572
NA	ENSG00000169306	NA	NA	ENSG00000169306
NA	ENSG00000178568	NA	NA	ENSG00000178568
NA	ENSG00000021645	NA	NA	ENSG00000021645
NA	ENSG00000113448	NA	NA	ENSG00000113448
NA	ENSG00000172757	NA	NA	ENSG00000172757
NA	ENSG00000086991	NA	NA	ENSG00000086991
NA	ENSG00000175727	NA	NA	ENSG00000175727
NA	ENSG00000147601	NA	NA	ENSG00000147601
NA	ENSG00000169189	NA	NA	ENSG00000169189
NA	ENSG00000074319	NA	NA	ENSG00000074319
NA	ENSG00000116032	NA	NA	ENSG00000116032
NA	ENSG00000169783	NA	NA	ENSG00000169783
NA	ENSG00000165732	NA	NA	ENSG00000165732
NA	ENSG00000120899	NA	NA	ENSG00000120899
NA	ENSG00000131791	NA	NA	ENSG00000131791
NA	ENSG00000160948	NA	NA	ENSG00000160948
NA	ENSG00000119139	NA	NA	ENSG00000119139
NA	ENSG00000136937	NA	NA	ENSG00000136937
NA	ENSG00000182957	NA	NA	ENSG00000182957
NA	ENSG00000196218	NA	NA	ENSG00000196218
NA	ENSG00000106665	NA	NA	ENSG00000106665
NA	ENSG00000156831	NA	NA	ENSG00000156831
NA	ENSG00000152578	NA	NA	ENSG00000152578
NA	ENSG00000185527	NA	NA	ENSG00000185527
NA	ENSG00000141367	NA	NA	ENSG00000141367
NA	ENSG00000138036	NA	NA	ENSG00000138036
NA	ENSG00000251322	NA	NA	ENSG00000251322
NA	ENSG00000179915	NA	NA	ENSG00000179915
NA	ENSG00000152661	NA	NA	ENSG00000152661
NA	ENSG00000137309	NA	NA	ENSG00000137309
NA	ENSG00000118900	NA	NA	ENSG00000118900
NA	ENSG00000132382	NA	NA	ENSG00000132382
NA	ENSG00000163347	NA	NA	ENSG00000163347
NA	ENSG00000117020	NA	NA	ENSG00000117020
NA	ENSG00000143627	NA	NA	ENSG00000143627
NA	ENSG00000184113	NA	NA	ENSG00000184113
NA	ENSG00000148672	NA	NA	ENSG00000148672
NA	ENSG00000105880	NA	NA	ENSG00000105880
NA	ENSG00000099957	NA	NA	ENSG00000099957
NA	ENSG00000181856	NA	NA	ENSG00000181856
NA	ENSG00000125967	NA	NA	ENSG00000125967
NA	ENSG00000125971	NA	NA	ENSG00000125971
NA	ENSG00000163960	NA	NA	ENSG00000163960
NA	ENSG00000198947	NA	NA	ENSG00000198947
NA	ENSG00000159082	NA	NA	ENSG00000159082
NA	ENSG00000197971	NA	NA	ENSG00000197971
NA	ENSG00000161681	NA	NA	ENSG00000161681
NA	ENSG00000127152	NA	NA	ENSG00000127152
NA	ENSG00000152402	NA	NA	ENSG00000152402
NA	ENSG00000170113	NA	NA	ENSG00000170113
NA	ENSG00000100033	NA	NA	ENSG00000100033
NA	ENSG00000173175	NA	NA	ENSG00000173175
NA	ENSG00000149527	NA	NA	ENSG00000149527
NA	ENSG00000111834	NA	NA	ENSG00000111834
NA	ENSG00000172164	NA	NA	ENSG00000172164
NA	ENSG00000007952	NA	NA	ENSG00000007952
NA	ENSG00000136854	NA	NA	ENSG00000136854
NA	ENSG00000006377	NA	NA	ENSG00000006377
NA	ENSG00000169760	NA	NA	ENSG00000169760
NA	ENSG00000115524	NA	NA	ENSG00000115524
NA	ENSG00000165169	NA	NA	ENSG00000165169
NA	ENSG00000164402	NA	NA	ENSG00000164402
NA	ENSG00000165168	NA	NA	ENSG00000165168
NA	ENSG00000171223	NA	NA	ENSG00000171223
NA	ENSG00000113262	NA	NA	ENSG00000113262
NA	ENSG00000132170	NA	NA	ENSG00000132170
NA	ENSG00000114062	NA	NA	ENSG00000114062
NA	ENSG00000163950	NA	NA	ENSG00000163950
NA	ENSG00000198785	NA	NA	ENSG00000198785
NA	ENSG00000119689	NA	NA	ENSG00000119689
NA	ENSG00000170296	NA	NA	ENSG00000170296
NA	ENSG00000089169	NA	NA	ENSG00000089169
NA	ENSG00000131778	NA	NA	ENSG00000131778
NA	ENSG00000173273	NA	NA	ENSG00000173273
NA	ENSG00000136238	NA	NA	ENSG00000136238
NA	ENSG00000088986	NA	NA	ENSG00000088986
NA	ENSG00000163539	NA	NA	ENSG00000163539
NA	ENSG00000064309	NA	NA	ENSG00000064309
NA	ENSG00000197822	NA	NA	ENSG00000197822
NA	ENSG00000148660	NA	NA	ENSG00000148660
NA	ENSG00000172175	NA	NA	ENSG00000172175
NA	ENSG00000075388	NA	NA	ENSG00000075388
NA	ENSG00000167491	NA	NA	ENSG00000167491
NA	ENSG00000189143	NA	NA	ENSG00000189143
NA	ENSG00000183072	NA	NA	ENSG00000183072
NA	ENSG00000070808	NA	NA	ENSG00000070808
NA	ENSG00000130396	NA	NA	ENSG00000130396
NA	ENSG00000163029	NA	NA	ENSG00000163029
NA	ENSG00000177889	NA	NA	ENSG00000177889
NA	ENSG00000278637	NA	NA	ENSG00000278637
NA	ENSG00000105289	NA	NA	ENSG00000105289
NA	ENSG00000099917	NA	NA	ENSG00000099917
NA	ENSG00000174004	NA	NA	ENSG00000174004
NA	ENSG00000255346	NA	NA	ENSG00000255346
NA	ENSG00000138449	NA	NA	ENSG00000138449
NA	ENSG00000169813	NA	NA	ENSG00000169813
NA	ENSG00000118260	NA	NA	ENSG00000118260
NA	ENSG00000123472	NA	NA	ENSG00000123472
NA	ENSG00000070010	NA	NA	ENSG00000070010
NA	ENSG00000135439	NA	NA	ENSG00000135439
NA	ENSG00000104765	NA	NA	ENSG00000104765
NA	ENSG00000105695	NA	NA	ENSG00000105695
NA	ENSG00000146938	NA	NA	ENSG00000146938
NA	ENSG00000134748	NA	NA	ENSG00000134748
NA	ENSG00000164430	NA	NA	ENSG00000164430
NA	ENSG00000100084	NA	NA	ENSG00000100084
NA	ENSG00000138336	NA	NA	ENSG00000138336
NA	ENSG00000128191	NA	NA	ENSG00000128191
NA	ENSG00000072134	NA	NA	ENSG00000072134
NA	ENSG00000120071	NA	NA	ENSG00000120071
NA	ENSG00000103942	NA	NA	ENSG00000103942
NA	ENSG00000008394	NA	NA	ENSG00000008394
NA	ENSG00000155975	NA	NA	ENSG00000155975
NA	ENSG00000171984	NA	NA	ENSG00000171984
NA	ENSG00000089225	NA	NA	ENSG00000089225
NA	ENSG00000156232	NA	NA	ENSG00000156232
NA	ENSG00000117394	NA	NA	ENSG00000117394
NA	ENSG00000173757	NA	NA	ENSG00000173757
NA	ENSG00000127586	NA	NA	ENSG00000127586
NA	ENSG00000164116	NA	NA	ENSG00000164116
NA	ENSG00000196591	NA	NA	ENSG00000196591
NA	ENSG00000198887	NA	NA	ENSG00000198887
NA	ENSG00000211445	NA	NA	ENSG00000211445
NA	ENSG00000166851	NA	NA	ENSG00000166851
NA	ENSG00000110799	NA	NA	ENSG00000110799
NA	ENSG00000157168	NA	NA	ENSG00000157168
NA	ENSG00000155974	NA	NA	ENSG00000155974
NA	ENSG00000137822	NA	NA	ENSG00000137822
NA	ENSG00000197386	NA	NA	ENSG00000197386
NA	ENSG00000168487	NA	NA	ENSG00000168487
NA	ENSG00000120251	NA	NA	ENSG00000120251
NA	ENSG00000214575	NA	NA	ENSG00000214575
NA	ENSG00000181092	NA	NA	ENSG00000181092
NA	ENSG00000114166	NA	NA	ENSG00000114166
NA	ENSG00000117461	NA	NA	ENSG00000117461
NA	ENSG00000198668	NA	NA	ENSG00000198668
NA	ENSG00000126870	NA	NA	ENSG00000126870
NA	ENSG00000113916	NA	NA	ENSG00000113916
NA	ENSG00000130669	NA	NA	ENSG00000130669
NA	ENSG00000118007	NA	NA	ENSG00000118007
NA	ENSG00000128159	NA	NA	ENSG00000128159
NA	ENSG00000275835	NA	NA	ENSG00000275835
NA	ENSG00000150995	NA	NA	ENSG00000150995
NA	ENSG00000009950	NA	NA	ENSG00000009950
NA	ENSG00000139722	NA	NA	ENSG00000139722
NA	ENSG00000132341	NA	NA	ENSG00000132341
NA	ENSG00000171953	NA	NA	ENSG00000171953
NA	ENSG00000118515	NA	NA	ENSG00000118515
NA	ENSG00000147324	NA	NA	ENSG00000147324
NA	ENSG00000034713	NA	NA	ENSG00000034713
NA	ENSG00000168959	NA	NA	ENSG00000168959
NA	ENSG00000173281	NA	NA	ENSG00000173281
NA	ENSG00000198900	NA	NA	ENSG00000198900
NA	ENSG00000058404	NA	NA	ENSG00000058404
NA	ENSG00000169992	NA	NA	ENSG00000169992
NA	ENSG00000163961	NA	NA	ENSG00000163961
NA	ENSG00000122367	NA	NA	ENSG00000122367
NA	ENSG00000176428	NA	NA	ENSG00000176428
NA	ENSG00000186642	NA	NA	ENSG00000186642
NA	ENSG00000111640	NA	NA	ENSG00000111640
NA	ENSG00000131771	NA	NA	ENSG00000131771
NA	ENSG00000185115	NA	NA	ENSG00000185115
NA	ENSG00000225830	NA	NA	ENSG00000225830
NA	ENSG00000128591	NA	NA	ENSG00000128591
NA	ENSG00000185737	NA	NA	ENSG00000185737
NA	ENSG00000138758	NA	NA	ENSG00000138758
NA	ENSG00000143365	NA	NA	ENSG00000143365
NA	ENSG00000170579	NA	NA	ENSG00000170579
NA	ENSG00000099901	NA	NA	ENSG00000099901
NA	ENSG00000064726	NA	NA	ENSG00000064726
NA	ENSG00000198899	NA	NA	ENSG00000198899
NA	ENSG00000154518	NA	NA	ENSG00000154518
NA	ENSG00000126216	NA	NA	ENSG00000126216
NA	ENSG00000093010	NA	NA	ENSG00000093010
NA	ENSG00000169045	NA	NA	ENSG00000169045
NA	ENSG00000107779	NA	NA	ENSG00000107779
NA	ENSG00000065609	NA	NA	ENSG00000065609
NA	ENSG00000116670	NA	NA	ENSG00000116670
NA	ENSG00000143578	NA	NA	ENSG00000143578
NA	ENSG00000198793	NA	NA	ENSG00000198793
NA	ENSG00000183853	NA	NA	ENSG00000183853
NA	ENSG00000169057	NA	NA	ENSG00000169057
NA	ENSG00000127863	NA	NA	ENSG00000127863
NA	ENSG00000119333	NA	NA	ENSG00000119333
NA	ENSG00000132915	NA	NA	ENSG00000132915
NA	ENSG00000183153	NA	NA	ENSG00000183153
NA	ENSG00000056558	NA	NA	ENSG00000056558
NA	ENSG00000133256	NA	NA	ENSG00000133256
NA	ENSG00000023287	NA	NA	ENSG00000023287
NA	ENSG00000050748	NA	NA	ENSG00000050748
NA	ENSG00000113360	NA	NA	ENSG00000113360
NA	ENSG00000253958	NA	NA	ENSG00000253958
NA	ENSG00000140525	NA	NA	ENSG00000140525
NA	ENSG00000125675	NA	NA	ENSG00000125675
NA	ENSG00000062650	NA	NA	ENSG00000062650
NA	ENSG00000084093	NA	NA	ENSG00000084093
NA	ENSG00000104687	NA	NA	ENSG00000104687
NA	ENSG00000134160	NA	NA	ENSG00000134160
NA	ENSG00000122584	NA	NA	ENSG00000122584
NA	ENSG00000128683	NA	NA	ENSG00000128683
NA	ENSG00000129757	NA	NA	ENSG00000129757
NA	ENSG00000147133	NA	NA	ENSG00000147133
NA	ENSG00000009954	NA	NA	ENSG00000009954
NA	ENSG00000115540	NA	NA	ENSG00000115540
NA	ENSG00000099910	NA	NA	ENSG00000099910
NA	ENSG00000005339	NA	NA	ENSG00000005339
NA	ENSG00000185345	NA	NA	ENSG00000185345
NA	ENSG00000165678	NA	NA	ENSG00000165678
